x,y,z
-1, -0.0015, 7.94611e-06
-1.00001, -0.00299999, 2.3838e-05
-1.00001, -0.00449997, 4.76752e-05
-1.00002, -0.00599993, 7.94567e-05
-1.00003, -0.00749986, 0.000119181
-1.00005, -0.00899975, 0.000166848
-1.00007, -0.0104996, 0.000222454
-1.00008, -0.0119994, 0.000285998
-1.0001, -0.0134992, 0.000357478
-1.00013, -0.0149988, 0.000436891
-1.00015, -0.0164985, 0.000524234
-1.00018, -0.017998, 0.000619503
-1.00021, -0.0194974, 0.000722696
-1.00024, -0.0209968, 0.000833808
-1.00028, -0.0224961, 0.000952836
-1.00032, -0.0239952, 0.00107977
-1.00036, -0.0254943, 0.00121462
-1.0004, -0.0269932, 0.00135737
-1.00044, -0.028492, 0.00150801
-1.00049, -0.0299907, 0.00166654
-1.00054, -0.0314892, 0.00183296
-1.00059, -0.0329876, 0.00200726
-1.00064, -0.0344858, 0.00218942
-1.0007, -0.0359838, 0.00237946
-1.00075, -0.0374817, 0.00257735
-1.00081, -0.0389794, 0.0027831
-1.00087, -0.040477, 0.00299668
-1.00094, -0.0419743, 0.00321811
-1.00101, -0.0434715, 0.00344736
-1.00107, -0.0449684, 0.00368443
-1.00115, -0.0464651, 0.00392931
-1.00122, -0.0479617, 0.004182
-1.00129, -0.0494579, 0.00444248
-1.00137, -0.050954, 0.00471074
-1.00145, -0.0524498, 0.00498677
-1.00153, -0.0539454, 0.00527057
-1.00162, -0.0554407, 0.00556212
-1.00171, -0.0569358, 0.00586141
-1.00179, -0.0584306, 0.00616844
-1.00189, -0.0599251, 0.00648319
-1.00198, -0.0614193, 0.00680564
-1.00207, -0.0629132, 0.0071358
-1.00217, -0.0644069, 0.00747364
-1.00227, -0.0659002, 0.00781915
-1.00237, -0.0673933, 0.00817232
-1.00248, -0.068886, 0.00853315
-1.00258, -0.0703784, 0.0089016
-1.00269, -0.0718704, 0.00927769
-1.0028, -0.0733622, 0.00966138
-1.00291, -0.0748535, 0.0100527
-1.00303, -0.0763446, 0.0104515
-1.00314, -0.0778352, 0.010858
-1.00326, -0.0793255, 0.0112719
-1.00338, -0.0808155, 0.0116935
-1.0035, -0.082305, 0.0121225
-1.00363, -0.0837942, 0.0125591
-1.00376, -0.0852829, 0.0130031
-1.00388, -0.0867713, 0.0134546
-1.00401, -0.0882592, 0.0139136
-1.00415, -0.0897468, 0.01438
-1.00428, -0.0912339, 0.0148539
-1.00442, -0.0927205, 0.0153352
-1.00456, -0.0942068, 0.0158238
-1.0047, -0.0956926, 0.0163199
-1.00484, -0.0971779, 0.0168233
-1.00498, -0.0986628, 0.017334
-1.00513, -0.100147, 0.0178521
-1.00528, -0.101631, 0.0183774
-1.00543, -0.103115, 0.0189101
-1.00558, -0.104598, 0.01945
-1.00573, -0.10608, 0.0199972
-1.00589, -0.107562, 0.0205516
-1.00604, -0.109043, 0.0211132
-1.0062, -0.110524, 0.0216821
-1.00636, -0.112005, 0.0222581
-1.00652, -0.113485, 0.0228412
-1.00669, -0.114964, 0.0234315
-1.00685, -0.116443, 0.0240289
-1.00702, -0.117921, 0.0246334
-1.00719, -0.119399, 0.0252449
-1.00736, -0.120876, 0.0258635
-1.00754, -0.122353, 0.0264892
-1.00771, -0.123828, 0.0271218
-1.00789, -0.125304, 0.0277614
-1.00806, -0.126779, 0.0284081
-1.00824, -0.128253, 0.0290616
-1.00842, -0.129726, 0.0297221
-1.00861, -0.131199, 0.0303894
-1.00879, -0.132672, 0.0310637
-1.00898, -0.134143, 0.0317448
-1.00916, -0.135614, 0.0324327
-1.00935, -0.137085, 0.0331275
-1.00954, -0.138554, 0.033829
-1.00973, -0.140024, 0.0345373
-1.00993, -0.141492, 0.0352523
-1.01012, -0.14296, 0.0359741
-1.01032, -0.144427, 0.0367025
-1.01052, -0.145893, 0.0374376
-1.01072, -0.147359, 0.0381794
-1.01092, -0.148824, 0.0389278
-1.01112, -0.150288, 0.0396827
-1.01132, -0.151751, 0.0404443
-1.01153, -0.153214, 0.0412124
-1.01173, -0.154676, 0.041987
-1.01194, -0.156137, 0.0427681
-1.01215, -0.157598, 0.0435556
-1.01236, -0.159058, 0.0443496
-1.01257, -0.160517, 0.0451501
-1.01278, -0.161975, 0.0459569
-1.01299, -0.163433, 0.0467701
-1.01321, -0.164889, 0.0475896
-1.01343, -0.166345, 0.0484154
-1.01364, -0.1678, 0.0492476
-1.01386, -0.169254, 0.0500859
-1.01408, -0.170708, 0.0509306
-1.0143, -0.17216, 0.0517814
-1.01452, -0.173612, 0.0526384
-1.01475, -0.175063, 0.0535016
-1.01497, -0.176513, 0.0543708
-1.01519, -0.177962, 0.0552462
-1.01542, -0.179411, 0.0561277
-1.01565, -0.180858, 0.0570152
-1.01587, -0.182305, 0.0579087
-1.0161, -0.183751, 0.0588082
-1.01633, -0.185195, 0.0597136
-1.01656, -0.186639, 0.060625
-1.0168, -0.188082, 0.0615423
-1.01703, -0.189525, 0.0624654
-1.01726, -0.190966, 0.0633944
-1.0175, -0.192406, 0.0643292
-1.01773, -0.193845, 0.0652698
-1.01797, -0.195284, 0.0662162
-1.0182, -0.196721, 0.0671683
-1.01844, -0.198157, 0.0681261
-1.01868, -0.199593, 0.0690895
-1.01892, -0.201027, 0.0700586
-1.01916, -0.202461, 0.0710333
-1.0194, -0.203893, 0.0720136
-1.01964, -0.205325, 0.0729994
-1.01988, -0.206755, 0.0739907
-1.02012, -0.208185, 0.0749876
-1.02036, -0.209613, 0.0759899
-1.02061, -0.21104, 0.0769976
-1.02085, -0.212467, 0.0780107
-1.0211, -0.213892, 0.0790292
-1.02134, -0.215316, 0.080053
-1.02159, -0.21674, 0.0810822
-1.02183, -0.218162, 0.0821166
-1.02208, -0.219583, 0.0831562
-1.02233, -0.221003, 0.0842011
-1.02257, -0.222421, 0.0852511
-1.02282, -0.223839, 0.0863063
-1.02307, -0.225256, 0.0873666
-1.02332, -0.226671, 0.088432
-1.02357, -0.228085, 0.0895024
-1.02382, -0.229499, 0.0905779
-1.02407, -0.230911, 0.0916584
-1.02432, -0.232322, 0.0927438
-1.02457, -0.233731, 0.0938341
-1.02482, -0.23514, 0.0949294
-1.02507, -0.236547, 0.0960294
-1.02532, -0.237954, 0.0971344
-1.02557, -0.239359, 0.0982441
-1.02582, -0.240762, 0.0993586
-1.02607, -0.242165, 0.100478
-1.02632, -0.243566, 0.101602
-1.02657, -0.244966, 0.10273
-1.02682, -0.246365, 0.103863
-1.02707, -0.247763, 0.105001
-1.02733, -0.249159, 0.106144
-1.02758, -0.250555, 0.107291
-1.02783, -0.251949, 0.108442
-1.02808, -0.253341, 0.109598
-1.02833, -0.254732, 0.110758
-1.02858, -0.256122, 0.111923
-1.02883, -0.257511, 0.113092
-1.02908, -0.258899, 0.114265
-1.02933, -0.260285, 0.115443
-1.02959, -0.261669, 0.116625
-1.02984, -0.263053, 0.117811
-1.03009, -0.264435, 0.119001
-1.03034, -0.265816, 0.120196
-1.03059, -0.267195, 0.121394
-1.03083, -0.268573, 0.122597
-1.03108, -0.26995, 0.123804
-1.03133, -0.271325, 0.125014
-1.03158, -0.272699, 0.126229
-1.03183, -0.274071, 0.127448
-1.03208, -0.275442, 0.12867
-1.03232, -0.276812, 0.129897
-1.03257, -0.27818, 0.131127
-1.03282, -0.279547, 0.132361
-1.03306, -0.280912, 0.133599
-1.03331, -0.282276, 0.134841
-1.03355, -0.283639, 0.136086
-1.0338, -0.285, 0.137335
-1.03404, -0.286359, 0.138588
-1.03428, -0.287717, 0.139844
-1.03453, -0.289074, 0.141103
-1.03477, -0.290429, 0.142367
-1.03501, -0.291782, 0.143633
-1.03525, -0.293134, 0.144903
-1.03549, -0.294484, 0.146177
-1.03573, -0.295833, 0.147454
-1.03597, -0.297181, 0.148734
-1.0362, -0.298527, 0.150017
-1.03644, -0.299871, 0.151304
-1.03668, -0.301214, 0.152594
-1.03691, -0.302555, 0.153887
-1.03715, -0.303894, 0.155183
-1.03738, -0.305232, 0.156483
-1.03761, -0.306569, 0.157785
-1.03784, -0.307903, 0.159091
-1.03808, -0.309236, 0.160399
-1.03831, -0.310568, 0.16171
-1.03853, -0.311898, 0.163025
-1.03876, -0.313226, 0.164342
-1.03899, -0.314553, 0.165662
-1.03922, -0.315877, 0.166984
-1.03944, -0.317201, 0.16831
-1.03966, -0.318522, 0.169638
-1.03989, -0.319842, 0.170969
-1.04011, -0.321161, 0.172302
-1.04033, -0.322477, 0.173638
-1.04055, -0.323792, 0.174977
-1.04077, -0.325105, 0.176318
-1.04098, -0.326416, 0.177661
-1.0412, -0.327726, 0.179007
-1.04141, -0.329034, 0.180356
-1.04163, -0.33034, 0.181707
-1.04184, -0.331645, 0.18306
-1.04205, -0.332947, 0.184415
-1.04226, -0.334248, 0.185772
-1.04247, -0.335548, 0.187132
-1.04268, -0.336845, 0.188494
-1.04288, -0.338141, 0.189858
-1.04309, -0.339434, 0.191224
-1.04329, -0.340727, 0.192592
-1.04349, -0.342017, 0.193961
-1.04369, -0.343305, 0.195333
-1.04389, -0.344592, 0.196707
-1.04409, -0.345877, 0.198083
-1.04428, -0.34716, 0.19946
-1.04448, -0.348441, 0.200839
-1.04467, -0.34972, 0.20222
-1.04486, -0.350998, 0.203602
-1.04505, -0.352273, 0.204986
-1.04524, -0.353547, 0.206372
-1.04543, -0.354819, 0.207759
-1.04561, -0.356089, 0.209148
-1.0458, -0.357357, 0.210538
-1.04598, -0.358623, 0.211929
-1.04616, -0.359888, 0.213322
-1.04634, -0.36115, 0.214716
-1.04651, -0.362411, 0.216112
-1.04669, -0.36367, 0.217508
-1.04686, -0.364926, 0.218906
-1.04704, -0.366181, 0.220305
-1.04721, -0.367434, 0.221705
-1.04737, -0.368686, 0.223106
-1.04754, -0.369935, 0.224508
-1.04771, -0.371182, 0.225911
-1.04787, -0.372428, 0.227315
-1.04803, -0.373671, 0.22872
-1.04819, -0.374913, 0.230125
-1.04835, -0.376152, 0.231531
-1.04851, -0.37739, 0.232938
-1.04866, -0.378626, 0.234346
-1.04881, -0.37986, 0.235754
-1.04897, -0.381092, 0.237163
-1.04911, -0.382322, 0.238572
-1.04926, -0.38355, 0.239982
-1.04941, -0.384776, 0.241392
-1.04955, -0.386, 0.242803
-1.04969, -0.387223, 0.244214
-1.04983, -0.388443, 0.245625
-1.04997, -0.389662, 0.247036
-1.05011, -0.390878, 0.248448
-1.05024, -0.392093, 0.249859
-1.05038, -0.393306, 0.251271
-1.05051, -0.394517, 0.252683
-1.05064, -0.395726, 0.254095
-1.05076, -0.396933, 0.255506
-1.05089, -0.398138, 0.256918
-1.05101, -0.399341, 0.25833
-1.05113, -0.400543, 0.259741
-1.05125, -0.401742, 0.261152
-1.05137, -0.40294, 0.262563
-1.05149, -0.404136, 0.263973
-1.0516, -0.40533, 0.265383
-1.05171, -0.406522, 0.266793
-1.05182, -0.407713, 0.268202
-1.05193, -0.408901, 0.26961
-1.05204, -0.410088, 0.271018
-1.05214, -0.411273, 0.272426
-1.05225, -0.412456, 0.273832
-1.05235, -0.413638, 0.275238
-1.05245, -0.414818, 0.276643
-1.05255, -0.415996, 0.278048
-1.05264, -0.417172, 0.279451
-1.05274, -0.418346, 0.280854
-1.05283, -0.419519, 0.282256
-1.05292, -0.420691, 0.283657
-1.05301, -0.42186, 0.285056
-1.05309, -0.423028, 0.286455
-1.05318, -0.424195, 0.287853
-1.05326, -0.425359, 0.289249
-1.05335, -0.426523, 0.290644
-1.05343, -0.427684, 0.292039
-1.05351, -0.428844, 0.293431
-1.05358, -0.430003, 0.294823
-1.05366, -0.43116, 0.296213
-1.05373, -0.432316, 0.297602
-1.05381, -0.43347, 0.29899
-1.05388, -0.434623, 0.300376
-1.05395, -0.435775, 0.30176
-1.05402, -0.436925, 0.303143
-1.05408, -0.438074, 0.304525
-1.05415, -0.439222, 0.305905
-1.05421, -0.440368, 0.307283
-1.05427, -0.441513, 0.30866
-1.05434, -0.442657, 0.310036
-1.0544, -0.4438, 0.311409
-1.05446, -0.444942, 0.312781
-1.05451, -0.446082, 0.314151
-1.05457, -0.447222, 0.31552
-1.05462, -0.44836, 0.316887
-1.05468, -0.449498, 0.318252
-1.05473, -0.450634, 0.319615
-1.05478, -0.45177, 0.320976
-1.05483, -0.452905, 0.322336
-1.05488, -0.454039, 0.323694
-1.05493, -0.455172, 0.32505
-1.05498, -0.456304, 0.326404
-1.05503, -0.457435, 0.327757
-1.05508, -0.458566, 0.329107
-1.05512, -0.459696, 0.330456
-1.05517, -0.460826, 0.331802
-1.05521, -0.461955, 0.333147
-1.05525, -0.463083, 0.33449
-1.0553, -0.464211, 0.335831
-1.05534, -0.465338, 0.33717
-1.05538, -0.466465, 0.338508
-1.05542, -0.467591, 0.339843
-1.05546, -0.468717, 0.341176
-1.0555, -0.469843, 0.342508
-1.05554, -0.470968, 0.343838
-1.05558, -0.472093, 0.345166
-1.05562, -0.473218, 0.346491
-1.05565, -0.474343, 0.347815
-1.05569, -0.475467, 0.349138
-1.05573, -0.476592, 0.350458
-1.05577, -0.477716, 0.351776
-1.0558, -0.47884, 0.353093
-1.05584, -0.479964, 0.354407
-1.05588, -0.481089, 0.35572
-1.05591, -0.482213, 0.357031
-1.05595, -0.483337, 0.35834
-1.05599, -0.484462, 0.359648
-1.05602, -0.485586, 0.360953
-1.05606, -0.486711, 0.362257
-1.0561, -0.487836, 0.363559
-1.05613, -0.488961, 0.364859
-1.05617, -0.490087, 0.366158
-1.05621, -0.491212, 0.367454
-1.05624, -0.492339, 0.368749
-1.05628, -0.493465, 0.370043
-1.05632, -0.494592, 0.371334
-1.05636, -0.495719, 0.372624
-1.0564, -0.496847, 0.373912
-1.05643, -0.497976, 0.375199
-1.05647, -0.499105, 0.376484
-1.05651, -0.500234, 0.377767
-1.05655, -0.501364, 0.379049
-1.05659, -0.502495, 0.380329
-1.05663, -0.503626, 0.381607
-1.05667, -0.504758, 0.382884
-1.05671, -0.505891, 0.38416
-1.05676, -0.507025, 0.385433
-1.0568, -0.508159, 0.386706
-1.05684, -0.509294, 0.387977
-1.05689, -0.51043, 0.389246
-1.05693, -0.511567, 0.390514
-1.05698, -0.512705, 0.391781
-1.05702, -0.513843, 0.393046
-1.05707, -0.514983, 0.394309
-1.05712, -0.516123, 0.395572
-1.05717, -0.517265, 0.396833
-1.05721, -0.518408, 0.398092
-1.05726, -0.519551, 0.39935
-1.05731, -0.520696, 0.400607
-1.05737, -0.521842, 0.401863
-1.05742, -0.522988, 0.403117
-1.05747, -0.524137, 0.404371
-1.05753, -0.525286, 0.405622
-1.05758, -0.526436, 0.406873
-1.05764, -0.527588, 0.408123
-1.0577, -0.528741, 0.409371
-1.05775, -0.529895, 0.410618
-1.05781, -0.53105, 0.411864
-1.05787, -0.532207, 0.413109
-1.05793, -0.533365, 0.414353
-1.058, -0.534525, 0.415596
-1.05806, -0.535685, 0.416837
-1.05813, -0.536848, 0.418078
-1.05819, -0.538011, 0.419317
-1.05826, -0.539177, 0.420556
-1.05833, -0.540343, 0.421794
-1.0584, -0.541511, 0.42303
-1.05847, -0.542681, 0.424266
-1.05854, -0.543852, 0.425501
-1.05861, -0.545025, 0.426734
-1.05868, -0.546199, 0.427967
-1.05876, -0.547375, 0.429199
-1.05884, -0.548552, 0.430431
-1.05891, -0.549731, 0.431661
-1.05899, -0.550912, 0.432891
-1.05907, -0.552095, 0.434119
-1.05916, -0.553279, 0.435347
-1.05924, -0.554465, 0.436574
-1.05932, -0.555652, 0.437801
-1.05941, -0.556842, 0.439027
-1.0595, -0.558033, 0.440252
-1.05958, -0.559226, 0.441476
-1.05967, -0.56042, 0.4427
-1.05977, -0.561617, 0.443923
-1.05986, -0.562815, 0.445145
-1.05995, -0.564016, 0.446367
-1.06005, -0.565218, 0.447588
-1.06015, -0.566422, 0.448808
-1.06024, -0.567628, 0.450028
-1.06034, -0.568835, 0.451248
-1.06045, -0.570045, 0.452467
-1.06055, -0.571257, 0.453685
-1.06065, -0.572471, 0.454903
-1.06076, -0.573686, 0.45612
-1.06087, -0.574904, 0.457337
-1.06098, -0.576124, 0.458554
-1.06109, -0.577346, 0.45977
-1.0612, -0.578569, 0.460986
-1.06131, -0.579795, 0.462201
-1.06143, -0.581023, 0.463416
-1.06154, -0.582253, 0.464631
-1.06166, -0.583485, 0.465845
-1.06178, -0.58472, 0.467059
-1.0619, -0.585956, 0.468272
-1.06202, -0.587195, 0.469485
-1.06215, -0.588435, 0.470698
-1.06227, -0.589678, 0.471911
-1.0624, -0.590923, 0.473124
-1.06253, -0.592171, 0.474336
-1.06266, -0.59342, 0.475548
-1.06279, -0.594672, 0.47676
-1.06293, -0.595926, 0.477972
-1.06306, -0.597182, 0.479183
-1.0632, -0.598441, 0.480394
-1.06334, -0.599701, 0.481606
-1.06348, -0.600964, 0.482817
-1.06362, -0.60223, 0.484028
-1.06376, -0.603497, 0.485239
-1.0639, -0.604767, 0.48645
-1.06405, -0.60604, 0.48766
-1.0642, -0.607314, 0.488871
-1.06435, -0.608592, 0.490082
-1.0645, -0.609871, 0.491293
-1.06465, -0.611153, 0.492503
-1.06481, -0.612437, 0.493714
-1.06496, -0.613723, 0.494925
-1.06512, -0.615012, 0.496135
-1.06528, -0.616304, 0.497346
-1.06544, -0.617598, 0.498557
-1.0656, -0.618894, 0.499768
-1.06577, -0.620193, 0.500979
-1.06593, -0.621494, 0.50219
-1.0661, -0.622797, 0.503402
-1.06627, -0.624103, 0.504613
-1.06644, -0.625412, 0.505825
-1.06661, -0.626723, 0.507037
-1.06678, -0.628037, 0.508249
-1.06696, -0.629353, 0.509461
-1.06713, -0.630671, 0.510673
-1.06731, -0.631992, 0.511886
-1.06749, -0.633316, 0.513098
-1.06767, -0.634642, 0.514312
-1.06786, -0.635971, 0.515525
-1.06804, -0.637302, 0.516738
-1.06823, -0.638636, 0.517952
-1.06841, -0.639972, 0.519166
-1.0686, -0.641311, 0.520381
-1.0688, -0.642653, 0.521596
-1.06899, -0.643997, 0.522811
-1.06918, -0.645344, 0.524026
-1.06938, -0.646693, 0.525242
-1.06957, -0.648045, 0.526458
-1.06977, -0.649399, 0.527675
-1.06997, -0.650756, 0.528892
-1.07017, -0.652116, 0.530109
-1.07038, -0.653478, 0.531327
-1.07058, -0.654843, 0.532545
-1.07079, -0.656211, 0.533763
-1.071, -0.657581, 0.534982
-1.07121, -0.658954, 0.536202
-1.07142, -0.66033, 0.537422
-1.07163, -0.661708, 0.538642
-1.07184, -0.663089, 0.539863
-1.07206, -0.664472, 0.541084
-1.07227, -0.665858, 0.542306
-1.07249, -0.667247, 0.543529
-1.07271, -0.668639, 0.544752
-1.07293, -0.670033, 0.545975
-1.07316, -0.67143, 0.547199
-1.07338, -0.672829, 0.548424
-1.07361, -0.674231, 0.549649
-1.07383, -0.675636, 0.550874
-1.07406, -0.677044, 0.552101
-1.07429, -0.678454, 0.553328
-1.07452, -0.679867, 0.554555
-1.07475, -0.681283, 0.555783
-1.07499, -0.682701, 0.557012
-1.07522, -0.684122, 0.558241
-1.07546, -0.685546, 0.559471
-1.0757, -0.686973, 0.560702
-1.07594, -0.688402, 0.561933
-1.07618, -0.689834, 0.563165
-1.07642, -0.691268, 0.564397
-1.07667, -0.692706, 0.565631
-1.07691, -0.694146, 0.566865
-1.07716, -0.695588, 0.568099
-1.0774, -0.697034, 0.569334
-1.07765, -0.698482, 0.570571
-1.0779, -0.699933, 0.571807
-1.07816, -0.701387, 0.573045
-1.07841, -0.702843, 0.574283
-1.07866, -0.704302, 0.575522
-1.07892, -0.705764, 0.576762
-1.07917, -0.707228, 0.578002
-1.07943, -0.708695, 0.579243
-1.07969, -0.710165, 0.580485
-1.07995, -0.711638, 0.581728
-1.08021, -0.713113, 0.582971
-1.08048, -0.714591, 0.584216
-1.08074, -0.716072, 0.585461
-1.08101, -0.717555, 0.586707
-1.08127, -0.719041, 0.587954
-1.08154, -0.72053, 0.589201
-1.08181, -0.722022, 0.590449
-1.08208, -0.723516, 0.591699
-1.08235, -0.725013, 0.592949
-1.08262, -0.726513, 0.594199
-1.0829, -0.728015, 0.595451
-1.08317, -0.72952, 0.596703
-1.08345, -0.731028, 0.597957
-1.08373, -0.732539, 0.599211
-1.084, -0.734052, 0.600466
-1.08428, -0.735568, 0.601722
-1.08456, -0.737086, 0.602979
-1.08485, -0.738608, 0.604237
-1.08513, -0.740132, 0.605495
-1.08541, -0.741658, 0.606755
-1.0857, -0.743188, 0.608015
-1.08598, -0.74472, 0.609276
-1.08627, -0.746254, 0.610538
-1.08656, -0.747792, 0.611801
-1.08685, -0.749332, 0.613065
-1.08714, -0.750874, 0.61433
-1.08743, -0.75242, 0.615596
-1.08772, -0.753968, 0.616863
-1.08801, -0.755518, 0.61813
-1.0883, -0.757072, 0.619399
-1.0886, -0.758628, 0.620669
-1.08889, -0.760186, 0.621939
-1.08919, -0.761747, 0.62321
-1.08949, -0.763311, 0.624483
-1.08979, -0.764878, 0.625756
-1.09009, -0.766447, 0.62703
-1.09039, -0.768019, 0.628305
-1.09069, -0.769593, 0.629582
-1.09099, -0.77117, 0.630859
-1.09129, -0.77275, 0.632137
-1.0916, -0.774332, 0.633416
-1.0919, -0.775917, 0.634696
-1.09221, -0.777504, 0.635977
-1.09251, -0.779094, 0.637259
-1.09282, -0.780687, 0.638542
-1.09313, -0.782282, 0.639826
-1.09344, -0.78388, 0.64111
-1.09375, -0.78548, 0.642396
-1.09406, -0.787083, 0.643683
-1.09437, -0.788688, 0.644971
-1.09468, -0.790296, 0.64626
-1.09499, -0.791907, 0.64755
-1.09531, -0.79352, 0.64884
-1.09562, -0.795136, 0.650132
-1.09593, -0.796754, 0.651425
-1.09625, -0.798375, 0.652719
-1.09657, -0.799998, 0.654014
-1.09688, -0.801624, 0.65531
-1.0972, -0.803252, 0.656606
-1.09752, -0.804883, 0.657904
-1.09784, -0.806516, 0.659203
-1.09816, -0.808152, 0.660503
-1.09848, -0.80979, 0.661804
-1.0988, -0.811431, 0.663106
-1.09912, -0.813074, 0.664408
-1.09944, -0.81472, 0.665712
-1.09977, -0.816368, 0.667017
-1.10009, -0.818018, 0.668323
-1.10041, -0.819671, 0.66963
-1.10074, -0.821327, 0.670938
-1.10106, -0.822985, 0.672247
-1.10139, -0.824645, 0.673557
-1.10171, -0.826308, 0.674868
-1.10204, -0.827973, 0.67618
-1.10237, -0.829641, 0.677493
-1.10269, -0.831311, 0.678807
-1.10302, -0.832983, 0.680122
-1.10335, -0.834658, 0.681438
-1.10368, -0.836335, 0.682755
-1.10401, -0.838015, 0.684073
-1.10434, -0.839697, 0.685393
-1.10467, -0.841381, 0.686713
-1.105, -0.843067, 0.688034
-1.10533, -0.844756, 0.689356
-1.10567, -0.846448, 0.690679
-1.106, -0.848141, 0.692003
-1.10633, -0.849837, 0.693329
-1.10666, -0.851536, 0.694655
-1.107, -0.853236, 0.695982
-1.10733, -0.854939, 0.697311
-1.10767, -0.856644, 0.69864
-1.108, -0.858352, 0.69997
-1.10833, -0.860061, 0.701302
-1.10867, -0.861773, 0.702634
-1.10901, -0.863488, 0.703967
-1.10934, -0.865204, 0.705302
-1.10968, -0.866923, 0.706637
-1.11001, -0.868644, 0.707973
-1.11035, -0.870367, 0.709311
-1.11069, -0.872093, 0.710649
-1.11103, -0.87382, 0.711988
-1.11136, -0.87555, 0.713329
-1.1117, -0.877282, 0.71467
-1.11204, -0.879017, 0.716013
-1.11238, -0.880753, 0.717356
-1.11272, -0.882492, 0.7187
-1.11306, -0.884233, 0.720046
-1.11339, -0.885976, 0.721392
-1.11373, -0.887721, 0.72274
-1.11407, -0.889468, 0.724088
-1.11441, -0.891218, 0.725437
-1.11475, -0.892969, 0.726788
-1.11509, -0.894723, 0.728139
-1.11543, -0.896478, 0.729491
-1.11577, -0.898236, 0.730845
-1.11611, -0.899996, 0.732199
-1.11645, -0.901758, 0.733554
-1.1168, -0.903522, 0.734911
-1.11714, -0.905289, 0.736268
-1.11748, -0.907057, 0.737626
-1.11782, -0.908827, 0.738985
-1.11816, -0.9106, 0.740345
-1.1185, -0.912374, 0.741706
-1.11884, -0.91415, 0.743068
-1.11918, -0.915929, 0.744431
-1.11953, -0.917709, 0.745795
-1.11987, -0.919492, 0.74716
-1.12021, -0.921276, 0.748526
-1.12055, -0.923062, 0.749893
-1.12089, -0.924851, 0.751261
-1.12123, -0.926641, 0.75263
-1.12157, -0.928433, 0.753999
-1.12192, -0.930228, 0.75537
-1.12226, -0.932024, 0.756742
-1.1226, -0.933822, 0.758114
-1.12294, -0.935622, 0.759488
-1.12328, -0.937424, 0.760862
-1.12362, -0.939228, 0.762237
-1.12397, -0.941034, 0.763613
-1.12431, -0.942841, 0.764991
-1.12465, -0.944651, 0.766369
-1.12499, -0.946462, 0.767748
-1.12533, -0.948275, 0.769128
-1.12567, -0.95009, 0.770508
-1.12601, -0.951907, 0.77189
-1.12635, -0.953726, 0.773273
-1.1267, -0.955547, 0.774656
-1.12704, -0.957369, 0.776041
-1.12738, -0.959193, 0.777426
-1.12772, -0.961019, 0.778812
-1.12806, -0.962847, 0.780199
-1.1284, -0.964677, 0.781587
-1.12874, -0.966508, 0.782976
-1.12908, -0.968341, 0.784366
-1.12942, -0.970176, 0.785757
-1.12976, -0.972013, 0.787148
-1.1301, -0.973851, 0.788541
-1.13044, -0.975691, 0.789934
-1.13077, -0.977533, 0.791328
-1.13111, -0.979376, 0.792723
-1.13145, -0.981222, 0.794119
-1.13179, -0.983069, 0.795516
-1.13213, -0.984917, 0.796913
-1.13247, -0.986767, 0.798311
-1.1328, -0.988619, 0.799711
-1.13314, -0.990473, 0.801111
-1.13348, -0.992328, 0.802512
-1.13382, -0.994185, 0.803913
-1.13415, -0.996043, 0.805316
-1.13449, -0.997904, 0.806719
-1.13482, -0.999765, 0.808124
-1.13516, -1.00163, 0.809529
-1.1355, -1.00349, 0.810935
-1.13583, -1.00536, 0.812341
-1.13617, -1.00723, 0.813749
-1.1365, -1.0091, 0.815157
-1.13684, -1.01097, 0.816566
-1.13717, -1.01284, 0.817976
-1.1375, -1.01472, 0.819387
-1.13784, -1.01659, 0.820798
-1.13817, -1.01847, 0.82221
-1.1385, -1.02035, 0.823623
-1.13883, -1.02223, 0.825037
-1.13917, -1.02411, 0.826452
-1.1395, -1.02599, 0.827867
-1.13983, -1.02788, 0.829283
-1.14016, -1.02976, 0.8307
-1.14049, -1.03165, 0.832118
-1.14082, -1.03354, 0.833536
-1.14115, -1.03543, 0.834955
-1.14148, -1.03732, 0.836375
-1.14181, -1.03922, 0.837796
-1.14214, -1.04111, 0.839217
-1.14246, -1.04301, 0.840639
-1.14279, -1.04491, 0.842062
-1.14312, -1.0468, 0.843486
-1.14344, -1.04871, 0.84491
-1.14377, -1.05061, 0.846335
-1.1441, -1.05251, 0.847761
-1.14442, -1.05441, 0.849187
-1.14475, -1.05632, 0.850614
-1.14507, -1.05823, 0.852042
-1.1454, -1.06014, 0.85347
-1.14572, -1.06205, 0.8549
-1.14604, -1.06396, 0.85633
-1.14636, -1.06587, 0.85776
-1.14669, -1.06778, 0.859191
-1.14701, -1.0697, 0.860623
-1.14733, -1.07161, 0.862056
-1.14765, -1.07353, 0.863489
-1.14797, -1.07545, 0.864923
-1.14829, -1.07737, 0.866358
-1.14861, -1.07929, 0.867793
-1.14893, -1.08121, 0.869229
-1.14924, -1.08314, 0.870666
-1.14956, -1.08506, 0.872103
-1.14988, -1.08699, 0.873541
-1.15019, -1.08892, 0.874979
-1.15051, -1.09084, 0.876418
-1.15083, -1.09277, 0.877858
-1.15114, -1.0947, 0.879298
-1.15145, -1.09664, 0.880739
-1.15177, -1.09857, 0.882181
-1.15208, -1.1005, 0.883623
-1.15239, -1.10244, 0.885066
-1.1527, -1.10438, 0.886509
-1.15302, -1.10631, 0.887953
-1.15333, -1.10825, 0.889398
-1.15364, -1.11019, 0.890843
-1.15395, -1.11213, 0.892289
-1.15425, -1.11407, 0.893735
-1.15456, -1.11602, 0.895182
-1.15487, -1.11796, 0.89663
-1.15518, -1.11991, 0.898078
-1.15548, -1.12185, 0.899526
-1.15579, -1.1238, 0.900975
-1.15609, -1.12575, 0.902425
-1.1564, -1.1277, 0.903875
-1.1567, -1.12965, 0.905326
-1.157, -1.1316, 0.906778
-1.15731, -1.13355, 0.908229
-1.15761, -1.1355, 0.909682
-1.15791, -1.13746, 0.911135
-1.15821, -1.13941, 0.912588
-1.15851, -1.14137, 0.914042
-1.15881, -1.14332, 0.915497
-1.15911, -1.14528, 0.916952
-1.15941, -1.14724, 0.918407
-1.1597, -1.1492, 0.919863
-1.16, -1.15116, 0.92132
-1.1603, -1.15312, 0.922777
-1.16059, -1.15508, 0.924234
-1.16088, -1.15705, 0.925692
-1.16118, -1.15901, 0.927151
-1.16147, -1.16098, 0.92861
-1.16176, -1.16294, 0.930069
-1.16206, -1.16491, 0.931529
-1.16235, -1.16688, 0.932989
-1.16264, -1.16885, 0.93445
-1.16293, -1.17081, 0.935911
-1.16321, -1.17278, 0.937373
-1.1635, -1.17476, 0.938835
-1.16379, -1.17673, 0.940298
-1.16408, -1.1787, 0.941761
-1.16436, -1.18067, 0.943224
-1.16465, -1.18265, 0.944688
-1.16493, -1.18462, 0.946152
-1.16522, -1.1866, 0.947617
-1.1655, -1.18857, 0.949082
-1.16578, -1.19055, 0.950547
-1.16606, -1.19253, 0.952013
-1.16634, -1.19451, 0.95348
-1.16662, -1.19648, 0.954946
-1.1669, -1.19846, 0.956413
-1.16718, -1.20044, 0.957881
-1.16746, -1.20243, 0.959349
-1.16773, -1.20441, 0.960817
-1.16801, -1.20639, 0.962286
-1.16829, -1.20837, 0.963755
-1.16856, -1.21036, 0.965224
-1.16883, -1.21234, 0.966694
-1.16911, -1.21433, 0.968164
-1.16938, -1.21631, 0.969634
-1.16965, -1.2183, 0.971105
-1.16992, -1.22028, 0.972576
-1.17019, -1.22227, 0.974047
-1.17046, -1.22426, 0.975519
-1.17073, -1.22625, 0.976991
-1.171, -1.22824, 0.978464
-1.17126, -1.23023, 0.979936
-1.17153, -1.23222, 0.981409
-1.1718, -1.23421, 0.982883
-1.17206, -1.2362, 0.984356
-1.17232, -1.23819, 0.98583
-1.17259, -1.24019, 0.987305
-1.17285, -1.24218, 0.988779
-1.17311, -1.24417, 0.990254
-1.17337, -1.24617, 0.991729
-1.17363, -1.24816, 0.993205
-1.17389, -1.25016, 0.99468
-1.17415, -1.25215, 0.996156
-1.1744, -1.25415, 0.997633
-1.17466, -1.25614, 0.999109
-1.17491, -1.25814, 1.00059
-1.17517, -1.26014, 1.00206
-1.17542, -1.26214, 1.00354
-1.17568, -1.26413, 1.00502
-1.17593, -1.26613, 1.0065
-1.17618, -1.26813, 1.00797
-1.17643, -1.27013, 1.00945
-1.17668, -1.27213, 1.01093
-1.17693, -1.27413, 1.01241
-1.17718, -1.27613, 1.01389
-1.17742, -1.27813, 1.01537
-1.17767, -1.28013, 1.01685
-1.17792, -1.28213, 1.01833
-1.17816, -1.28414, 1.01981
-1.1784, -1.28614, 1.02129
-1.17865, -1.28814, 1.02277
-1.17889, -1.29014, 1.02425
-1.17913, -1.29215, 1.02573
-1.17937, -1.29415, 1.02721
-1.17961, -1.29616, 1.02869
-1.17985, -1.29816, 1.03017
-1.18009, -1.30016, 1.03165
-1.18033, -1.30217, 1.03313
-1.18056, -1.30417, 1.03461
-1.1808, -1.30618, 1.0361
-1.18103, -1.30818, 1.03758
-1.18127, -1.31019, 1.03906
-1.1815, -1.3122, 1.04054
-1.18173, -1.3142, 1.04202
-1.18196, -1.31621, 1.04351
-1.18219, -1.31822, 1.04499
-1.18242, -1.32022, 1.04647
-1.18265, -1.32223, 1.04795
-1.18288, -1.32424, 1.04944
-1.18311, -1.32624, 1.05092
-1.18333, -1.32825, 1.0524
-1.18356, -1.33026, 1.05389
-1.18379, -1.33227, 1.05537
-1.18401, -1.33428, 1.05685
-1.18423, -1.33628, 1.05834
-1.18445, -1.33829, 1.05982
-1.18468, -1.3403, 1.0613
-1.1849, -1.34231, 1.06279
-1.18512, -1.34432, 1.06427
-1.18534, -1.34633, 1.06576
-1.18555, -1.34834, 1.06724
-1.18577, -1.35034, 1.06873
-1.18599, -1.35235, 1.07021
-1.1862, -1.35436, 1.07169
-1.18642, -1.35637, 1.07318
-1.18663, -1.35838, 1.07466
-1.18684, -1.36039, 1.07615
-1.18706, -1.3624, 1.07763
-1.18727, -1.36441, 1.07912
-1.18748, -1.36642, 1.0806
-1.18769, -1.36843, 1.08209
-1.1879, -1.37044, 1.08357
-1.18811, -1.37245, 1.08505
-1.18831, -1.37446, 1.08654
-1.18852, -1.37647, 1.08802
-1.18873, -1.37848, 1.08951
-1.18893, -1.38048, 1.09099
-1.18914, -1.38249, 1.09248
-1.18934, -1.3845, 1.09396
-1.18954, -1.38651, 1.09545
-1.18974, -1.38852, 1.09693
-1.18994, -1.39053, 1.09842
-1.19014, -1.39254, 1.0999
-1.19034, -1.39455, 1.10139
-1.19054, -1.39656, 1.10287
-1.19074, -1.39857, 1.10436
-1.19094, -1.40058, 1.10584
-1.19113, -1.40258, 1.10733
-1.19133, -1.40459, 1.10881
-1.19152, -1.4066, 1.1103
-1.19172, -1.40861, 1.11178
-1.19191, -1.41062, 1.11327
-1.1921, -1.41263, 1.11475
-1.1923, -1.41463, 1.11623
-1.19249, -1.41664, 1.11772
-1.19268, -1.41865, 1.1192
-1.19287, -1.42066, 1.12069
-1.19305, -1.42267, 1.12217
-1.19324, -1.42467, 1.12366
-1.19343, -1.42668, 1.12514
-1.19362, -1.42869, 1.12663
-1.1938, -1.43069, 1.12811
-1.19399, -1.4327, 1.12959
-1.19417, -1.43471, 1.13108
-1.19435, -1.43671, 1.13256
-1.19454, -1.43872, 1.13404
-1.19472, -1.44072, 1.13553
-1.1949, -1.44273, 1.13701
-1.19508, -1.44473, 1.1385
-1.19526, -1.44674, 1.13998
-1.19544, -1.44874, 1.14146
-1.19562, -1.45075, 1.14295
-1.1958, -1.45275, 1.14443
-1.19597, -1.45476, 1.14591
-1.19615, -1.45676, 1.14739
-1.19633, -1.45876, 1.14888
-1.1965, -1.46077, 1.15036
-1.19667, -1.46277, 1.15184
-1.19685, -1.46477, 1.15332
-1.19702, -1.46677, 1.15481
-1.19719, -1.46878, 1.15629
-1.19737, -1.47078, 1.15777
-1.19754, -1.47278, 1.15925
-1.19771, -1.47478, 1.16074
-1.19788, -1.47678, 1.16222
-1.19805, -1.47878, 1.1637
-1.19821, -1.48078, 1.16518
-1.19838, -1.48278, 1.16666
-1.19855, -1.48478, 1.16814
-1.19872, -1.48678, 1.16962
-1.19888, -1.48878, 1.1711
-1.19905, -1.49078, 1.17259
-1.19921, -1.49277, 1.17407
-1.19938, -1.49477, 1.17555
-1.19954, -1.49677, 1.17703
-1.1997, -1.49877, 1.17851
-1.19987, -1.50076, 1.17999
-1.20003, -1.50276, 1.18147
-1.20019, -1.50475, 1.18295
-1.20035, -1.50675, 1.18443
-1.20051, -1.50874, 1.1859
-1.20067, -1.51074, 1.18738
-1.20083, -1.51273, 1.18886
-1.20099, -1.51473, 1.19034
-1.20115, -1.51672, 1.19182
-1.20131, -1.51871, 1.1933
-1.20146, -1.52071, 1.19478
-1.20162, -1.5227, 1.19625
-1.20178, -1.52469, 1.19773
-1.20193, -1.52668, 1.19921
-1.20209, -1.52867, 1.20069
-1.20224, -1.53066, 1.20217
-1.2024, -1.53265, 1.20364
-1.20255, -1.53464, 1.20512
-1.2027, -1.53663, 1.2066
-1.20286, -1.53862, 1.20807
-1.20301, -1.54061, 1.20955
-1.20316, -1.5426, 1.21103
-1.20331, -1.54459, 1.2125
-1.20347, -1.54657, 1.21398
-1.20362, -1.54856, 1.21545
-1.20377, -1.55055, 1.21693
-1.20392, -1.55253, 1.2184
-1.20407, -1.55452, 1.21988
-1.20422, -1.5565, 1.22135
-1.20437, -1.55849, 1.22283
-1.20452, -1.56047, 1.2243
-1.20466, -1.56245, 1.22578
-1.20481, -1.56444, 1.22725
-1.20496, -1.56642, 1.22873
-1.20511, -1.5684, 1.2302
-1.20525, -1.57038, 1.23167
-1.2054, -1.57236, 1.23315
-1.20555, -1.57434, 1.23462
-1.20569, -1.57632, 1.23609
-1.20584, -1.5783, 1.23757
-1.20599, -1.58028, 1.23904
-1.20613, -1.58226, 1.24051
-1.20628, -1.58424, 1.24198
-1.20642, -1.58622, 1.24346
-1.20657, -1.5882, 1.24493
-1.20671, -1.59017, 1.2464
-1.20686, -1.59215, 1.24787
-1.207, -1.59413, 1.24934
-1.20714, -1.5961, 1.25081
-1.20729, -1.59808, 1.25228
-1.20743, -1.60005, 1.25376
-1.20757, -1.60203, 1.25523
-1.20772, -1.604, 1.2567
-1.20786, -1.60598, 1.25817
-1.208, -1.60795, 1.25964
-1.20815, -1.60992, 1.26111
-1.20829, -1.61189, 1.26258
-1.20843, -1.61387, 1.26405
-1.20857, -1.61584, 1.26551
-1.20872, -1.61781, 1.26698
-1.20886, -1.61978, 1.26845
-1.209, -1.62175, 1.26992
-1.20914, -1.62372, 1.27139
-1.20928, -1.62569, 1.27286
-1.20943, -1.62766, 1.27433
-1.20957, -1.62963, 1.27579
-1.20971, -1.63159, 1.27726
-1.20985, -1.63356, 1.27873
-1.20999, -1.63553, 1.2802
-1.21013, -1.6375, 1.28167
-1.21028, -1.63946, 1.28313
-1.21042, -1.64143, 1.2846
-1.21056, -1.64339, 1.28607
-1.2107, -1.64536, 1.28753
-1.21084, -1.64733, 1.289
-1.21098, -1.64929, 1.29047
-1.21113, -1.65125, 1.29193
-1.21127, -1.65322, 1.2934
-1.21141, -1.65518, 1.29486
-1.21155, -1.65714, 1.29633
-1.21169, -1.65911, 1.2978
-1.21184, -1.66107, 1.29926
-1.21198, -1.66303, 1.30073
-1.21212, -1.66499, 1.30219
-1.21226, -1.66695, 1.30366
-1.2124, -1.66892, 1.30512
-1.21255, -1.67088, 1.30659
-1.21269, -1.67284, 1.30805
-1.21283, -1.6748, 1.30952
-1.21297, -1.67676, 1.31098
-1.21312, -1.67872, 1.31245
-1.21326, -1.68067, 1.31391
-1.2134, -1.68263, 1.31537
-1.21355, -1.68459, 1.31684
-1.21369, -1.68655, 1.3183
-1.21383, -1.68851, 1.31977
-1.21398, -1.69047, 1.32123
-1.21412, -1.69242, 1.32269
-1.21427, -1.69438, 1.32416
-1.21441, -1.69634, 1.32562
-1.21456, -1.69829, 1.32708
-1.2147, -1.70025, 1.32855
-1.21485, -1.70221, 1.33001
-1.21499, -1.70416, 1.33147
-1.21514, -1.70612, 1.33294
-1.21528, -1.70807, 1.3344
-1.21543, -1.71003, 1.33586
-1.21557, -1.71198, 1.33732
-1.21572, -1.71394, 1.33879
-1.21587, -1.71589, 1.34025
-1.21601, -1.71784, 1.34171
-1.21616, -1.7198, 1.34317
-1.21631, -1.72175, 1.34464
-1.21646, -1.72371, 1.3461
-1.21661, -1.72566, 1.34756
-1.21675, -1.72761, 1.34902
-1.2169, -1.72956, 1.35049
-1.21705, -1.73152, 1.35195
-1.2172, -1.73347, 1.35341
-1.21735, -1.73542, 1.35487
-1.2175, -1.73737, 1.35633
-1.21765, -1.73933, 1.35779
-1.2178, -1.74128, 1.35926
-1.21795, -1.74323, 1.36072
-1.2181, -1.74518, 1.36218
-1.21825, -1.74713, 1.36364
-1.21841, -1.74908, 1.3651
-1.21856, -1.75104, 1.36656
-1.21871, -1.75299, 1.36803
-1.21886, -1.75494, 1.36949
-1.21902, -1.75689, 1.37095
-1.21917, -1.75884, 1.37241
-1.21932, -1.76079, 1.37387
-1.21948, -1.76274, 1.37533
-1.21963, -1.76469, 1.37679
-1.21979, -1.76664, 1.37826
-1.21994, -1.76859, 1.37972
-1.2201, -1.77054, 1.38118
-1.22025, -1.77249, 1.38264
-1.22041, -1.77444, 1.3841
-1.22057, -1.77639, 1.38556
-1.22073, -1.77834, 1.38702
-1.22088, -1.78029, 1.38849
-1.22104, -1.78224, 1.38995
-1.2212, -1.78419, 1.39141
-1.22136, -1.78614, 1.39287
-1.22152, -1.78809, 1.39433
-1.22168, -1.79004, 1.39579
-1.22184, -1.79199, 1.39725
-1.222, -1.79394, 1.39871
-1.22216, -1.79589, 1.40018
-1.22232, -1.79784, 1.40164
-1.22248, -1.79979, 1.4031
-1.22264, -1.80174, 1.40456
-1.22281, -1.80369, 1.40602
-1.22297, -1.80564, 1.40748
-1.22313, -1.80759, 1.40895
-1.2233, -1.80954, 1.41041
-1.22346, -1.81149, 1.41187
-1.22363, -1.81344, 1.41333
-1.22379, -1.81539, 1.41479
-1.22396, -1.81734, 1.41625
-1.22412, -1.81929, 1.41772
-1.22429, -1.82124, 1.41918
-1.22446, -1.82319, 1.42064
-1.22462, -1.82514, 1.4221
-1.22479, -1.8271, 1.42356
-1.22496, -1.82905, 1.42502
-1.22513, -1.831, 1.42649
-1.2253, -1.83295, 1.42795
-1.22547, -1.8349, 1.42941
-1.22564, -1.83685, 1.43087
-1.22581, -1.8388, 1.43234
-1.22598, -1.84075, 1.4338
-1.22615, -1.8427, 1.43526
-1.22632, -1.84465, 1.43672
-1.2265, -1.84661, 1.43819
-1.22667, -1.84856, 1.43965
-1.22684, -1.85051, 1.44111
-1.22702, -1.85246, 1.44257
-1.22719, -1.85441, 1.44404
-1.22737, -1.85637, 1.4455
-1.22754, -1.85832, 1.44696
-1.22772, -1.86027, 1.44843
-1.22789, -1.86222, 1.44989
-1.22807, -1.86418, 1.45135
-1.22825, -1.86613, 1.45282
-1.22843, -1.86808, 1.45428
-1.2286, -1.87004, 1.45574
-1.22878, -1.87199, 1.45721
-1.22896, -1.87394, 1.45867
-1.22914, -1.8759, 1.46013
-1.22932, -1.87785, 1.4616
-1.2295, -1.87981, 1.46306
-1.22968, -1.88176, 1.46453
-1.22986, -1.88371, 1.46599
-1.23005, -1.88567, 1.46746
-1.23023, -1.88762, 1.46892
-1.23041, -1.88958, 1.47038
-1.2306, -1.89154, 1.47185
-1.23078, -1.89349, 1.47331
-1.23096, -1.89545, 1.47478
-1.23115, -1.8974, 1.47624
-1.23133, -1.89936, 1.47771
-1.23152, -1.90132, 1.47917
-1.23171, -1.90327, 1.48064
-1.23189, -1.90523, 1.4821
-1.23208, -1.90719, 1.48357
-1.23227, -1.90915, 1.48503
-1.23246, -1.9111, 1.4865
-1.23264, -1.91306, 1.48797
-1.23283, -1.91502, 1.48943
-1.23302, -1.91698, 1.4909
-1.23321, -1.91894, 1.49236
-1.2334, -1.9209, 1.49383
-1.23359, -1.92286, 1.4953
-1.23379, -1.92482, 1.49676
-1.23398, -1.92678, 1.49823
-1.23417, -1.92874, 1.4997
-1.23436, -1.9307, 1.50116
-1.23456, -1.93266, 1.50263
-1.23475, -1.93462, 1.5041
-1.23494, -1.93658, 1.50557
-1.23514, -1.93854, 1.50703
-1.23533, -1.94051, 1.5085
-1.23553, -1.94247, 1.50997
-1.23573, -1.94443, 1.51144
-1.23592, -1.94639, 1.5129
-1.23612, -1.94836, 1.51437
-1.23632, -1.95032, 1.51584
-1.23652, -1.95228, 1.51731
-1.23671, -1.95425, 1.51878
-1.23691, -1.95621, 1.52025
-1.23711, -1.95818, 1.52171
-1.23731, -1.96014, 1.52318
-1.23751, -1.96211, 1.52465
-1.23771, -1.96408, 1.52612
-1.23791, -1.96604, 1.52759
-1.23812, -1.96801, 1.52906
-1.23832, -1.96998, 1.53053
-1.23852, -1.97194, 1.532
-1.23872, -1.97391, 1.53347
-1.23893, -1.97588, 1.53494
-1.23913, -1.97785, 1.53641
-1.23933, -1.97982, 1.53788
-1.23954, -1.98178, 1.53935
-1.23974, -1.98375, 1.54082
-1.23995, -1.98572, 1.54229
-1.24016, -1.98769, 1.54376
-1.24036, -1.98966, 1.54523
-1.24057, -1.99164, 1.5467
-1.24078, -1.99361, 1.54818
-1.24098, -1.99558, 1.54965
-1.24119, -1.99755, 1.55112
-1.2414, -1.99952, 1.55259
-1.24161, -2.0015, 1.55406
-1.24182, -2.00347, 1.55554
-1.24203, -2.00544, 1.55701
-1.24224, -2.00742, 1.55848
-1.24245, -2.00939, 1.55995
-1.24266, -2.01137, 1.56142
-1.24287, -2.01334, 1.5629
-1.24309, -2.01532, 1.56437
-1.2433, -2.01729, 1.56584
-1.24351, -2.01927, 1.56732
-1.24372, -2.02125, 1.56879
-1.24394, -2.02322, 1.57026
-1.24415, -2.0252, 1.57174
-1.24437, -2.02718, 1.57321
-1.24458, -2.02916, 1.57469
-1.2448, -2.03114, 1.57616
-1.24501, -2.03311, 1.57763
-1.24523, -2.03509, 1.57911
-1.24544, -2.03707, 1.58058
-1.24566, -2.03905, 1.58206
-1.24588, -2.04104, 1.58353
-1.2461, -2.04302, 1.58501
-1.24631, -2.045, 1.58648
-1.24653, -2.04698, 1.58796
-1.24675, -2.04896, 1.58943
-1.24697, -2.05095, 1.59091
-1.24719, -2.05293, 1.59239
-1.24741, -2.05491, 1.59386
-1.24763, -2.0569, 1.59534
-1.24785, -2.05888, 1.59681
-1.24807, -2.06087, 1.59829
-1.24829, -2.06285, 1.59977
-1.24851, -2.06484, 1.60124
-1.24874, -2.06682, 1.60272
-1.24896, -2.06881, 1.6042
-1.24918, -2.0708, 1.60568
-1.2494, -2.07279, 1.60715
-1.24963, -2.07477, 1.60863
-1.24985, -2.07676, 1.61011
-1.25008, -2.07875, 1.61159
-1.2503, -2.08074, 1.61306
-1.25053, -2.08273, 1.61454
-1.25075, -2.08472, 1.61602
-1.25098, -2.08671, 1.6175
-1.2512, -2.0887, 1.61898
-1.25143, -2.09069, 1.62046
-1.25166, -2.09269, 1.62194
-1.25188, -2.09468, 1.62341
-1.25211, -2.09667, 1.62489
-1.25234, -2.09867, 1.62637
-1.25257, -2.10066, 1.62785
-1.25279, -2.10265, 1.62933
-1.25302, -2.10465, 1.63081
-1.25325, -2.10664, 1.63229
-1.25348, -2.10864, 1.63377
-1.25371, -2.11063, 1.63525
-1.25394, -2.11263, 1.63673
-1.25417, -2.11463, 1.63821
-1.2544, -2.11663, 1.6397
-1.25463, -2.11862, 1.64118
-1.25486, -2.12062, 1.64266
-1.25509, -2.12262, 1.64414
-1.25532, -2.12462, 1.64562
-1.25556, -2.12662, 1.6471
-1.25579, -2.12862, 1.64858
-1.25602, -2.13062, 1.65007
-1.25625, -2.13262, 1.65155
-1.25649, -2.13462, 1.65303
-1.25672, -2.13662, 1.65451
-1.25695, -2.13863, 1.65599
-1.25719, -2.14063, 1.65748
-1.25742, -2.14263, 1.65896
-1.25766, -2.14464, 1.66044
-1.25789, -2.14664, 1.66193
-1.25813, -2.14865, 1.66341
-1.25836, -2.15065, 1.66489
-1.2586, -2.15266, 1.66638
-1.25883, -2.15466, 1.66786
-1.25907, -2.15667, 1.66934
-1.25931, -2.15868, 1.67083
-1.25954, -2.16068, 1.67231
-1.25978, -2.16269, 1.6738
-1.26002, -2.1647, 1.67528
-1.26025, -2.16671, 1.67676
-1.26049, -2.16872, 1.67825
-1.26073, -2.17073, 1.67973
-1.26097, -2.17274, 1.68122
-1.26121, -2.17475, 1.6827
-1.26144, -2.17676, 1.68419
-1.26168, -2.17877, 1.68567
-1.26192, -2.18078, 1.68716
-1.26216, -2.1828, 1.68864
-1.2624, -2.18481, 1.69013
-1.26264, -2.18682, 1.69162
-1.26288, -2.18884, 1.6931
-1.26312, -2.19085, 1.69459
-1.26336, -2.19286, 1.69608
-1.2636, -2.19488, 1.69756
-1.26384, -2.19689, 1.69905
-1.26408, -2.19891, 1.70053
-1.26432, -2.20093, 1.70202
-1.26457, -2.20294, 1.70351
-1.26481, -2.20496, 1.705
-1.26505, -2.20698, 1.70648
-1.26529, -2.209, 1.70797
-1.26553, -2.21102, 1.70946
-1.26578, -2.21304, 1.71095
-1.26602, -2.21506, 1.71243
-1.26626, -2.21708, 1.71392
-1.2665, -2.2191, 1.71541
-1.26675, -2.22112, 1.7169
-1.26699, -2.22314, 1.71839
-1.26723, -2.22516, 1.71987
-1.26748, -2.22718, 1.72136
-1.26772, -2.22921, 1.72285
-1.26797, -2.23123, 1.72434
-1.26821, -2.23325, 1.72583
-1.26846, -2.23528, 1.72732
-1.2687, -2.2373, 1.72881
-1.26894, -2.23933, 1.7303
-1.26919, -2.24135, 1.73179
-1.26943, -2.24338, 1.73328
-1.26968, -2.2454, 1.73476
-1.26992, -2.24743, 1.73625
-1.27017, -2.24946, 1.73774
-1.27042, -2.25149, 1.73923
-1.27066, -2.25351, 1.74072
-1.27091, -2.25554, 1.74221
-1.27115, -2.25757, 1.74371
-1.2714, -2.2596, 1.7452
-1.27165, -2.26163, 1.74669
-1.27189, -2.26366, 1.74818
-1.27214, -2.26569, 1.74967
-1.27239, -2.26772, 1.75116
-1.27263, -2.26975, 1.75265
-1.27288, -2.27179, 1.75414
-1.27313, -2.27382, 1.75563
-1.27338, -2.27585, 1.75712
-1.27362, -2.27789, 1.75862
-1.27387, -2.27992, 1.76011
-1.27412, -2.28195, 1.7616
-1.27437, -2.28399, 1.76309
-1.27461, -2.28602, 1.76458
-1.27486, -2.28806, 1.76607
-1.27511, -2.29009, 1.76757
-1.27536, -2.29213, 1.76906
-1.27561, -2.29417, 1.77055
-1.27585, -2.2962, 1.77204
-1.2761, -2.29824, 1.77354
-1.27635, -2.30028, 1.77503
-1.2766, -2.30232, 1.77652
-1.27685, -2.30436, 1.77801
-1.2771, -2.3064, 1.77951
-1.27735, -2.30843, 1.781
-1.2776, -2.31047, 1.78249
-1.27785, -2.31252, 1.78399
-1.27809, -2.31456, 1.78548
-1.27834, -2.3166, 1.78697
-1.27859, -2.31864, 1.78847
-1.27884, -2.32068, 1.78996
-1.27909, -2.32272, 1.79145
-1.27934, -2.32477, 1.79295
-1.27959, -2.32681, 1.79444
-1.27984, -2.32885, 1.79594
-1.28009, -2.3309, 1.79743
-1.28034, -2.33294, 1.79892
-1.28059, -2.33499, 1.80042
-1.28084, -2.33703, 1.80191
-1.28109, -2.33908, 1.80341
-1.28134, -2.34112, 1.8049
-1.28159, -2.34317, 1.8064
-1.28184, -2.34522, 1.80789
-1.28209, -2.34726, 1.80939
-1.28234, -2.34931, 1.81088
-1.28259, -2.35136, 1.81238
-1.28284, -2.35341, 1.81387
-1.28309, -2.35545, 1.81537
-1.28334, -2.3575, 1.81686
-1.28359, -2.35955, 1.81836
-1.28384, -2.3616, 1.81985
-1.2841, -2.36365, 1.82135
-1.28435, -2.3657, 1.82284
-1.2846, -2.36775, 1.82434
-1.28485, -2.36981, 1.82583
-1.2851, -2.37186, 1.82733
-1.28535, -2.37391, 1.82882
-1.2856, -2.37596, 1.83032
-1.28585, -2.37801, 1.83182
-1.2861, -2.38007, 1.83331
-1.28635, -2.38212, 1.83481
-1.2866, -2.38418, 1.8363
-1.28685, -2.38623, 1.8378
-1.2871, -2.38828, 1.8393
-1.28736, -2.39034, 1.84079
-1.28761, -2.39239, 1.84229
-1.28786, -2.39445, 1.84379
-1.28811, -2.39651, 1.84528
-1.28836, -2.39856, 1.84678
-1.28861, -2.40062, 1.84828
-1.28886, -2.40268, 1.84977
-1.28911, -2.40473, 1.85127
-1.28936, -2.40679, 1.85277
-1.28961, -2.40885, 1.85426
-1.28986, -2.41091, 1.85576
-1.29011, -2.41297, 1.85726
-1.29037, -2.41503, 1.85875
-1.29062, -2.41709, 1.86025
-1.29087, -2.41915, 1.86175
-1.29112, -2.42121, 1.86325
-1.29137, -2.42327, 1.86474
-1.29162, -2.42533, 1.86624
-1.29187, -2.42739, 1.86774
-1.29212, -2.42945, 1.86924
-1.29237, -2.43151, 1.87073
-1.29262, -2.43357, 1.87223
-1.29287, -2.43564, 1.87373
-1.29312, -2.4377, 1.87523
-1.29337, -2.43976, 1.87672
-1.29362, -2.44182, 1.87822
-1.29387, -2.44389, 1.87972
-1.29413, -2.44595, 1.88122
-1.29438, -2.44802, 1.88271
-1.29463, -2.45008, 1.88421
-1.29488, -2.45215, 1.88571
-1.29513, -2.45421, 1.88721
-1.29538, -2.45628, 1.88871
-1.29563, -2.45834, 1.8902
-1.29588, -2.46041, 1.8917
-1.29613, -2.46248, 1.8932
-1.29638, -2.46454, 1.8947
-1.29663, -2.46661, 1.8962
-1.29688, -2.46868, 1.8977
-1.29713, -2.47074, 1.89919
-1.29738, -2.47281, 1.90069
-1.29763, -2.47488, 1.90219
-1.29788, -2.47695, 1.90369
-1.29813, -2.47902, 1.90519
-1.29837, -2.48109, 1.90669
-1.29862, -2.48316, 1.90818
-1.29887, -2.48523, 1.90968
-1.29912, -2.4873, 1.91118
-1.29937, -2.48937, 1.91268
-1.29962, -2.49144, 1.91418
-1.29987, -2.49351, 1.91568
-1.30012, -2.49558, 1.91718
-1.30037, -2.49765, 1.91867
-1.30062, -2.49972, 1.92017
-1.30087, -2.50179, 1.92167
-1.30111, -2.50386, 1.92317
-1.30136, -2.50594, 1.92467
-1.30161, -2.50801, 1.92617
-1.30186, -2.51008, 1.92767
-1.30211, -2.51216, 1.92916
-1.30236, -2.51423, 1.93066
-1.30261, -2.5163, 1.93216
-1.30285, -2.51838, 1.93366
-1.3031, -2.52045, 1.93516
-1.30335, -2.52253, 1.93666
-1.3036, -2.5246, 1.93816
-1.30385, -2.52667, 1.93966
-1.30409, -2.52875, 1.94116
-1.30434, -2.53083, 1.94265
-1.30459, -2.5329, 1.94415
-1.30484, -2.53498, 1.94565
-1.30508, -2.53705, 1.94715
-1.30533, -2.53913, 1.94865
-1.30558, -2.54121, 1.95015
-1.30582, -2.54328, 1.95165
-1.30607, -2.54536, 1.95315
-1.30632, -2.54744, 1.95465
-1.30656, -2.54951, 1.95614
-1.30681, -2.55159, 1.95764
-1.30706, -2.55367, 1.95914
-1.3073, -2.55575, 1.96064
-1.30755, -2.55783, 1.96214
-1.30779, -2.55991, 1.96364
-1.30804, -2.56198, 1.96514
-1.30829, -2.56406, 1.96664
-1.30853, -2.56614, 1.96814
-1.30878, -2.56822, 1.96963
-1.30902, -2.5703, 1.97113
-1.30927, -2.57238, 1.97263
-1.30951, -2.57446, 1.97413
-1.30976, -2.57654, 1.97563
-1.31, -2.57862, 1.97713
-1.31025, -2.5807, 1.97863
-1.31049, -2.58278, 1.98013
-1.31074, -2.58486, 1.98163
-1.31098, -2.58695, 1.98312
-1.31123, -2.58903, 1.98462
-1.31147, -2.59111, 1.98612
-1.31171, -2.59319, 1.98762
-1.31196, -2.59527, 1.98912
-1.3122, -2.59735, 1.99062
-1.31245, -2.59944, 1.99212
-1.31269, -2.60152, 1.99362
-1.31293, -2.6036, 1.99511
-1.31318, -2.60568, 1.99661
-1.31342, -2.60777, 1.99811
-1.31366, -2.60985, 1.99961
-1.31391, -2.61193, 2.00111
-1.31415, -2.61402, 2.00261
-1.31439, -2.6161, 2.00411
-1.31463, -2.61819, 2.00561
-1.31487, -2.62027, 2.0071
-1.31512, -2.62235, 2.0086
-1.31536, -2.62444, 2.0101
-1.3156, -2.62652, 2.0116
-1.31584, -2.62861, 2.0131
-1.31608, -2.63069, 2.0146
-1.31633, -2.63278, 2.01609
-1.31657, -2.63486, 2.01759
-1.31681, -2.63695, 2.01909
-1.31705, -2.63903, 2.02059
-1.31729, -2.64112, 2.02209
-1.31753, -2.6432, 2.02359
-1.31777, -2.64529, 2.02508
-1.31801, -2.64738, 2.02658
-1.31825, -2.64946, 2.02808
-1.31849, -2.65155, 2.02958
-1.31873, -2.65363, 2.03108
-1.31897, -2.65572, 2.03257
-1.31921, -2.65781, 2.03407
-1.31945, -2.65989, 2.03557
-1.31969, -2.66198, 2.03707
-1.31993, -2.66407, 2.03857
-1.32017, -2.66615, 2.04006
-1.3204, -2.66824, 2.04156
-1.32064, -2.67033, 2.04306
-1.32088, -2.67242, 2.04456
-1.32112, -2.6745, 2.04605
-1.32136, -2.67659, 2.04755
-1.3216, -2.67868, 2.04905
-1.32183, -2.68077, 2.05055
-1.32207, -2.68285, 2.05205
-1.32231, -2.68494, 2.05354
-1.32255, -2.68703, 2.05504
-1.32278, -2.68912, 2.05654
-1.32302, -2.69121, 2.05803
-1.32326, -2.6933, 2.05953
-1.32349, -2.69538, 2.06103
-1.32373, -2.69747, 2.06253
-1.32396, -2.69956, 2.06402
-1.3242, -2.70165, 2.06552
-1.32444, -2.70374, 2.06702
-1.32467, -2.70583, 2.06851
-1.32491, -2.70792, 2.07001
-1.32514, -2.71001, 2.07151
-1.32538, -2.7121, 2.07301
-1.32561, -2.71418, 2.0745
-1.32585, -2.71627, 2.076
-1.32608, -2.71836, 2.0775
-1.32632, -2.72045, 2.07899
-1.32655, -2.72254, 2.08049
-1.32679, -2.72463, 2.08199
-1.32702, -2.72672, 2.08348
-1.32725, -2.72881, 2.08498
-1.32749, -2.7309, 2.08647
-1.32772, -2.73299, 2.08797
-1.32795, -2.73508, 2.08947
-1.32819, -2.73717, 2.09096
-1.32842, -2.73926, 2.09246
-1.32865, -2.74135, 2.09396
-1.32888, -2.74344, 2.09545
-1.32912, -2.74553, 2.09695
-1.32935, -2.74762, 2.09844
-1.32958, -2.74971, 2.09994
-1.32981, -2.7518, 2.10143
-1.33004, -2.75389, 2.10293
-1.33028, -2.75598, 2.10443
-1.33051, -2.75807, 2.10592
-1.33074, -2.76016, 2.10742
-1.33097, -2.76225, 2.10891
-1.3312, -2.76434, 2.11041
-1.33143, -2.76643, 2.1119
-1.33166, -2.76852, 2.1134
-1.33189, -2.77061, 2.11489
-1.33212, -2.7727, 2.11639
-1.33235, -2.7748, 2.11788
-1.33258, -2.77689, 2.11938
-1.33281, -2.77898, 2.12087
-1.33304, -2.78107, 2.12237
-1.33327, -2.78316, 2.12386
-1.3335, -2.78525, 2.12536
-1.33373, -2.78734, 2.12685
-1.33395, -2.78943, 2.12835
-1.33418, -2.79152, 2.12984
-1.33441, -2.79361, 2.13134
-1.33464, -2.7957, 2.13283
-1.33487, -2.79779, 2.13432
-1.33509, -2.79988, 2.13582
-1.33532, -2.80197, 2.13731
-1.33555, -2.80406, 2.13881
-1.33578, -2.80615, 2.1403
-1.336, -2.80824, 2.14179
-1.33623, -2.81034, 2.14329
-1.33646, -2.81243, 2.14478
-1.33668, -2.81452, 2.14628
-1.33691, -2.81661, 2.14777
-1.33713, -2.8187, 2.14926
-1.33736, -2.82079, 2.15076
-1.33759, -2.82288, 2.15225
-1.33781, -2.82497, 2.15374
-1.33804, -2.82706, 2.15524
-1.33826, -2.82915, 2.15673
-1.33849, -2.83124, 2.15822
-1.33871, -2.83333, 2.15972
-1.33894, -2.83542, 2.16121
-1.33916, -2.83751, 2.1627
-1.33939, -2.8396, 2.16419
-1.33961, -2.84169, 2.16569
-1.33983, -2.84378, 2.16718
-1.34006, -2.84587, 2.16867
-1.34028, -2.84796, 2.17016
-1.3405, -2.85005, 2.17166
-1.34073, -2.85214, 2.17315
-1.34095, -2.85423, 2.17464
-1.34117, -2.85632, 2.17613
-1.3414, -2.85841, 2.17763
-1.34162, -2.8605, 2.17912
-1.34184, -2.86259, 2.18061
-1.34206, -2.86468, 2.1821
-1.34229, -2.86677, 2.18359
-1.34251, -2.86886, 2.18508
-1.34273, -2.87095, 2.18658
-1.34295, -2.87304, 2.18807
-1.34317, -2.87513, 2.18956
-1.34339, -2.87722, 2.19105
-1.34361, -2.87931, 2.19254
-1.34384, -2.88139, 2.19403
-1.34406, -2.88348, 2.19552
-1.34428, -2.88557, 2.19702
-1.3445, -2.88766, 2.19851
-1.34472, -2.88975, 2.2
-1.34494, -2.89184, 2.20149
-1.34516, -2.89393, 2.20298
-1.34538, -2.89602, 2.20447
-1.3456, -2.8981, 2.20596
-1.34582, -2.90019, 2.20745
-1.34604, -2.90228, 2.20894
-1.34625, -2.90437, 2.21043
-1.34647, -2.90646, 2.21192
-1.34669, -2.90855, 2.21341
-1.34691, -2.91063, 2.2149
-1.34713, -2.91272, 2.21639
-1.34735, -2.91481, 2.21788
-1.34757, -2.9169, 2.21937
-1.34778, -2.91899, 2.22086
-1.348, -2.92107, 2.22235
-1.34822, -2.92316, 2.22384
-1.34844, -2.92525, 2.22533
-1.34865, -2.92734, 2.22682
-1.34887, -2.92942, 2.22831
-1.34909, -2.93151, 2.2298
-1.34931, -2.9336, 2.23129
-1.34952, -2.93568, 2.23278
-1.34974, -2.93777, 2.23427
-1.34996, -2.93986, 2.23576
-1.35017, -2.94194, 2.23725
-1.35039, -2.94403, 2.23873
-1.35061, -2.94612, 2.24022
-1.35082, -2.9482, 2.24171
-1.35104, -2.95029, 2.2432
-1.35125, -2.95238, 2.24469
-1.35147, -2.95446, 2.24618
-1.35169, -2.95655, 2.24767
-1.3519, -2.95863, 2.24915
-1.35212, -2.96072, 2.25064
-1.35233, -2.9628, 2.25213
-1.35255, -2.96489, 2.25362
-1.35276, -2.96697, 2.25511
-1.35298, -2.96906, 2.2566
-1.35319, -2.97114, 2.25808
-1.35341, -2.97323, 2.25957
-1.35362, -2.97531, 2.26106
-1.35383, -2.9774, 2.26255
-1.35405, -2.97948, 2.26404
-1.35426, -2.98157, 2.26552
-1.35448, -2.98365, 2.26701
-1.35469, -2.98574, 2.2685
-1.3549, -2.98782, 2.26999
-1.35512, -2.9899, 2.27147
-1.35533, -2.99199, 2.27296
-1.35554, -2.99407, 2.27445
-1.35576, -2.99616, 2.27593
-1.35597, -2.99824, 2.27742
-1.35618, -3.00032, 2.27891
-1.3564, -3.00241, 2.2804
-1.35661, -3.00449, 2.28188
-1.35682, -3.00657, 2.28337
-1.35704, -3.00865, 2.28486
-1.35725, -3.01074, 2.28634
-1.35746, -3.01282, 2.28783
-1.35767, -3.0149, 2.28932
-1.35789, -3.01698, 2.2908
-1.3581, -3.01907, 2.29229
-1.35831, -3.02115, 2.29377
-1.35852, -3.02323, 2.29526
-1.35873, -3.02531, 2.29675
-1.35895, -3.02739, 2.29823
-1.35916, -3.02948, 2.29972
-1.35937, -3.03156, 2.30121
-1.35958, -3.03364, 2.30269
-1.35979, -3.03572, 2.30418
-1.36001, -3.0378, 2.30566
-1.36022, -3.03988, 2.30715
-1.36043, -3.04196, 2.30864
-1.36064, -3.04404, 2.31012
-1.36085, -3.04612, 2.31161
-1.36106, -3.0482, 2.31309
-1.36127, -3.05028, 2.31458
-1.36148, -3.05236, 2.31606
-1.3617, -3.05444, 2.31755
-1.36191, -3.05652, 2.31903
-1.36212, -3.0586, 2.32052
-1.36233, -3.06068, 2.32201
-1.36254, -3.06276, 2.32349
-1.36275, -3.06484, 2.32498
-1.36296, -3.06692, 2.32646
-1.36317, -3.069, 2.32795
-1.36338, -3.07108, 2.32943
-1.36359, -3.07316, 2.33092
-1.3638, -3.07524, 2.3324
-1.36401, -3.07731, 2.33389
-1.36422, -3.07939, 2.33537
-1.36443, -3.08147, 2.33686
-1.36464, -3.08355, 2.33834
-1.36485, -3.08563, 2.33983
-1.36506, -3.0877, 2.34131
-1.36527, -3.08978, 2.3428
-1.36548, -3.09186, 2.34428
-1.36569, -3.09394, 2.34577
-1.3659, -3.09601, 2.34725
-1.36611, -3.09809, 2.34873
-1.36632, -3.10017, 2.35022
-1.36653, -3.10225, 2.3517
-1.36674, -3.10432, 2.35319
-1.36695, -3.1064, 2.35467
-1.36716, -3.10848, 2.35616
-1.36737, -3.11055, 2.35764
-1.36758, -3.11263, 2.35913
-1.36779, -3.1147, 2.36061
-1.368, -3.11678, 2.36209
-1.36821, -3.11886, 2.36358
-1.36842, -3.12093, 2.36506
-1.36863, -3.12301, 2.36655
-1.36884, -3.12508, 2.36803
-1.36905, -3.12716, 2.36952
-1.36926, -3.12923, 2.371
-1.36947, -3.13131, 2.37248
-1.36968, -3.13338, 2.37397
-1.36989, -3.13546, 2.37545
-1.3701, -3.13753, 2.37694
-1.37031, -3.13961, 2.37842
-1.37052, -3.14168, 2.3799
-1.37073, -3.14376, 2.38139
-1.37094, -3.14583, 2.38287
-1.37115, -3.14791, 2.38436
-1.37136, -3.14998, 2.38584
-1.37157, -3.15205, 2.38732
-1.37178, -3.15413, 2.38881
-1.37199, -3.1562, 2.39029
-1.3722, -3.15827, 2.39178
-1.37241, -3.16035, 2.39326
-1.37262, -3.16242, 2.39474
-1.37283, -3.1645, 2.39623
-1.37304, -3.16657, 2.39771
-1.37325, -3.16864, 2.3992
-1.37346, -3.17071, 2.40068
-1.37367, -3.17279, 2.40216
-1.37388, -3.17486, 2.40365
-1.37409, -3.17693, 2.40513
-1.3743, -3.17901, 2.40661
-1.37451, -3.18108, 2.4081
-1.37472, -3.18315, 2.40958
-1.37493, -3.18522, 2.41107
-1.37514, -3.18729, 2.41255
-1.37535, -3.18937, 2.41403
-1.37556, -3.19144, 2.41552
-1.37577, -3.19351, 2.417
-1.37598, -3.19558, 2.41848
-1.3762, -3.19765, 2.41997
-1.37641, -3.19973, 2.42145
-1.37662, -3.2018, 2.42294
-1.37683, -3.20387, 2.42442
-1.37704, -3.20594, 2.4259
-1.37725, -3.20801, 2.42739
-1.37746, -3.21008, 2.42887
-1.37767, -3.21215, 2.43035
-1.37788, -3.21422, 2.43184
-1.37809, -3.2163, 2.43332
-1.3783, -3.21837, 2.43481
-1.37851, -3.22044, 2.43629
-1.37872, -3.22251, 2.43777
-1.37894, -3.22458, 2.43926
-1.37915, -3.22665, 2.44074
-1.37936, -3.22872, 2.44223
-1.37957, -3.23079, 2.44371
-1.37978, -3.23286, 2.44519
-1.37999, -3.23493, 2.44668
-1.3802, -3.237, 2.44816
-1.38042, -3.23907, 2.44965
-1.38063, -3.24114, 2.45113
-1.38084, -3.24321, 2.45261
-1.38105, -3.24528, 2.4541
-1.38126, -3.24735, 2.45558
-1.38147, -3.24942, 2.45707
-1.38169, -3.25149, 2.45855
-1.3819, -3.25356, 2.46003
-1.38211, -3.25563, 2.46152
-1.38232, -3.2577, 2.463
-1.38254, -3.25977, 2.46449
-1.38275, -3.26184, 2.46597
-1.38296, -3.2639, 2.46745
-1.38317, -3.26597, 2.46894
-1.38339, -3.26804, 2.47042
-1.3836, -3.27011, 2.47191
-1.38381, -3.27218, 2.47339
-1.38402, -3.27425, 2.47488
-1.38424, -3.27632, 2.47636
-1.38445, -3.27839, 2.47784
-1.38466, -3.28046, 2.47933
-1.38488, -3.28253, 2.48081
-1.38509, -3.28459, 2.4823
-1.3853, -3.28666, 2.48378
-1.38552, -3.28873, 2.48527
-1.38573, -3.2908, 2.48675
-1.38594, -3.29287, 2.48824
-1.38616, -3.29494, 2.48972
-1.38637, -3.29701, 2.49121
-1.38659, -3.29907, 2.49269
-1.3868, -3.30114, 2.49417
-1.38701, -3.30321, 2.49566
-1.38723, -3.30528, 2.49714
-1.38744, -3.30735, 2.49863
-1.38766, -3.30942, 2.50011
-1.38787, -3.31148, 2.5016
-1.38809, -3.31355, 2.50308
-1.3883, -3.31562, 2.50457
-1.38851, -3.31769, 2.50605
-1.38873, -3.31976, 2.50754
-1.38894, -3.32182, 2.50902
-1.38916, -3.32389, 2.51051
-1.38937, -3.32596, 2.51199
-1.38959, -3.32803, 2.51348
-1.38981, -3.3301, 2.51496
-1.39002, -3.33216, 2.51645
-1.39024, -3.33423, 2.51794
-1.39045, -3.3363, 2.51942
-1.39067, -3.33837, 2.52091
-1.39088, -3.34044, 2.52239
-1.3911, -3.3425, 2.52388
-1.39132, -3.34457, 2.52536
-1.39153, -3.34664, 2.52685
-1.39175, -3.34871, 2.52833
-1.39197, -3.35077, 2.52982
-1.39218, -3.35284, 2.53131
-1.3924, -3.35491, 2.53279
-1.39262, -3.35698, 2.53428
-1.39283, -3.35905, 2.53576
-1.39305, -3.36111, 2.53725
-1.39327, -3.36318, 2.53873
-1.39348, -3.36525, 2.54022
-1.3937, -3.36732, 2.54171
-1.39392, -3.36938, 2.54319
-1.39414, -3.37145, 2.54468
-1.39435, -3.37352, 2.54617
-1.39457, -3.37559, 2.54765
-1.39479, -3.37766, 2.54914
-1.39501, -3.37972, 2.55062
-1.39523, -3.38179, 2.55211
-1.39544, -3.38386, 2.5536
-1.39566, -3.38593, 2.55508
-1.39588, -3.388, 2.55657
-1.3961, -3.39006, 2.55806
-1.39632, -3.39213, 2.55954
-1.39654, -3.3942, 2.56103
-1.39676, -3.39627, 2.56252
-1.39698, -3.39833, 2.564
-1.39719, -3.4004, 2.56549
-1.39741, -3.40247, 2.56698
-1.39763, -3.40454, 2.56847
-1.39785, -3.40661, 2.56995
-1.39807, -3.40867, 2.57144
-1.39829, -3.41074, 2.57293
-1.39851, -3.41281, 2.57441
-1.39873, -3.41488, 2.5759
-1.39895, -3.41695, 2.57739
-1.39917, -3.41901, 2.57888
-1.39939, -3.42108, 2.58036
-1.39961, -3.42315, 2.58185
-1.39983, -3.42522, 2.58334
-1.40006, -3.42729, 2.58483
-1.40028, -3.42936, 2.58631
-1.4005, -3.43142, 2.5878
-1.40072, -3.43349, 2.58929
-1.40094, -3.43556, 2.59078
-1.40116, -3.43763, 2.59227
-1.40138, -3.4397, 2.59375
-1.4016, -3.44177, 2.59524
-1.40183, -3.44383, 2.59673
-1.40205, -3.4459, 2.59822
-1.40227, -3.44797, 2.59971
-1.40249, -3.45004, 2.60119
-1.40271, -3.45211, 2.60268
-1.40294, -3.45418, 2.60417
-1.40316, -3.45625, 2.60566
-1.40338, -3.45831, 2.60715
-1.4036, -3.46038, 2.60864
-1.40383, -3.46245, 2.61013
-1.40405, -3.46452, 2.61161
-1.40427, -3.46659, 2.6131
-1.4045, -3.46866, 2.61459
-1.40472, -3.47073, 2.61608
-1.40494, -3.4728, 2.61757
-1.40517, -3.47487, 2.61906
-1.40539, -3.47693, 2.62055
-1.40561, -3.479, 2.62204
-1.40584, -3.48107, 2.62353
-1.40606, -3.48314, 2.62502
-1.40629, -3.48521, 2.62651
-1.40651, -3.48728, 2.628
-1.40674, -3.48935, 2.62948
-1.40696, -3.49142, 2.63097
-1.40718, -3.49349, 2.63246
-1.40741, -3.49556, 2.63395
-1.40763, -3.49763, 2.63544
-1.40786, -3.4997, 2.63693
-1.40808, -3.50177, 2.63842
-1.40831, -3.50384, 2.63991
-1.40854, -3.50591, 2.6414
-1.40876, -3.50798, 2.64289
-1.40899, -3.51005, 2.64438
-1.40921, -3.51212, 2.64587
-1.40944, -3.51419, 2.64736
-1.40966, -3.51626, 2.64885
-1.40989, -3.51833, 2.65035
-1.41012, -3.5204, 2.65184
-1.41034, -3.52247, 2.65333
-1.41057, -3.52454, 2.65482
-1.4108, -3.52661, 2.65631
-1.41102, -3.52868, 2.6578
-1.41125, -3.53075, 2.65929
-1.41148, -3.53283, 2.66078
-1.4117, -3.5349, 2.66227
-1.41193, -3.53697, 2.66376
-1.41216, -3.53904, 2.66525
-1.41239, -3.54111, 2.66674
-1.41261, -3.54318, 2.66824
-1.41284, -3.54525, 2.66973
-1.41307, -3.54732, 2.67122
-1.4133, -3.5494, 2.67271
-1.41353, -3.55147, 2.6742
-1.41375, -3.55354, 2.67569
-1.41398, -3.55561, 2.67718
-1.41421, -3.55768, 2.67868
-1.41444, -3.55975, 2.68017
-1.41467, -3.56183, 2.68166
-1.4149, -3.5639, 2.68315
-1.41513, -3.56597, 2.68464
-1.41536, -3.56804, 2.68614
-1.41558, -3.57012, 2.68763
-1.41581, -3.57219, 2.68912
-1.41604, -3.57426, 2.69061
-1.41627, -3.57633, 2.6921
-1.4165, -3.57841, 2.6936
-1.41673, -3.58048, 2.69509
-1.41696, -3.58255, 2.69658
-1.41719, -3.58462, 2.69807
-1.41742, -3.5867, 2.69957
-1.41765, -3.58877, 2.70106
-1.41788, -3.59084, 2.70255
-1.41811, -3.59292, 2.70405
-1.41834, -3.59499, 2.70554
-1.41857, -3.59706, 2.70703
-1.41881, -3.59914, 2.70852
-1.41904, -3.60121, 2.71002
-1.41927, -3.60328, 2.71151
-1.4195, -3.60536, 2.713
-1.41973, -3.60743, 2.7145
-1.41996, -3.60951, 2.71599
-1.42019, -3.61158, 2.71748
-1.42042, -3.61366, 2.71898
-1.42066, -3.61573, 2.72047
-1.42089, -3.6178, 2.72196
-1.42112, -3.61988, 2.72346
-1.42135, -3.62195, 2.72495
-1.42158, -3.62403, 2.72645
-1.42182, -3.6261, 2.72794
-1.42205, -3.62818, 2.72943
-1.42228, -3.63025, 2.73093
-1.42251, -3.63233, 2.73242
-1.42275, -3.6344, 2.73392
-1.42298, -3.63648, 2.73541
-1.42321, -3.63855, 2.7369
-1.42344, -3.64063, 2.7384
-1.42368, -3.64271, 2.73989
-1.42391, -3.64478, 2.74139
-1.42414, -3.64686, 2.74288
-1.42438, -3.64893, 2.74438
-1.42461, -3.65101, 2.74587
-1.42484, -3.65309, 2.74737
-1.42508, -3.65516, 2.74886
-1.42531, -3.65724, 2.75036
-1.42555, -3.65931, 2.75185
-1.42578, -3.66139, 2.75335
-1.42601, -3.66347, 2.75484
-1.42625, -3.66555, 2.75634
-1.42648, -3.66762, 2.75783
-1.42672, -3.6697, 2.75933
-1.42695, -3.67178, 2.76082
-1.42719, -3.67385, 2.76232
-1.42742, -3.67593, 2.76381
-1.42766, -3.67801, 2.76531
-1.42789, -3.68009, 2.7668
-1.42812, -3.68216, 2.7683
-1.42836, -3.68424, 2.76979
-1.4286, -3.68632, 2.77129
-1.42883, -3.6884, 2.77279
-1.42907, -3.69048, 2.77428
-1.4293, -3.69255, 2.77578
-1.42954, -3.69463, 2.77727
-1.42977, -3.69671, 2.77877
-1.43001, -3.69879, 2.78027
-1.43024, -3.70087, 2.78176
-1.43048, -3.70295, 2.78326
-1.43072, -3.70503, 2.78475
-1.43095, -3.70711, 2.78625
-1.43119, -3.70918, 2.78775
-1.43142, -3.71126, 2.78924
-1.43166, -3.71334, 2.79074
-1.4319, -3.71542, 2.79224
-1.43213, -3.7175, 2.79373
-1.43237, -3.71958, 2.79523
-1.43261, -3.72166, 2.79673
-1.43284, -3.72374, 2.79822
-1.43308, -3.72582, 2.79972
-1.43332, -3.7279, 2.80122
-1.43356, -3.72998, 2.80271
-1.43379, -3.73206, 2.80421
-1.43403, -3.73414, 2.80571
-1.43427, -3.73622, 2.80721
-1.4345, -3.73831, 2.8087
-1.43474, -3.74039, 2.8102
-1.43498, -3.74247, 2.8117
-1.43522, -3.74455, 2.81319
-1.43545, -3.74663, 2.81469
-1.43569, -3.74871, 2.81619
-1.43593, -3.75079, 2.81769
-1.43617, -3.75287, 2.81918
-1.43641, -3.75496, 2.82068
-1.43664, -3.75704, 2.82218
-1.43688, -3.75912, 2.82368
-1.43712, -3.7612, 2.82517
-1.43736, -3.76328, 2.82667
-1.4376, -3.76537, 2.82817
-1.43784, -3.76745, 2.82967
-1.43808, -3.76953, 2.83117
-1.43831, -3.77161, 2.83266
-1.43855, -3.7737, 2.83416
-1.43879, -3.77578, 2.83566
-1.43903, -3.77786, 2.83716
-1.43927, -3.77995, 2.83866
-1.43951, -3.78203, 2.84015
-1.43975, -3.78411, 2.84165
-1.43999, -3.7862, 2.84315
-1.44023, -3.78828, 2.84465
-1.44046, -3.79036, 2.84615
-1.4407, -3.79245, 2.84765
-1.44094, -3.79453, 2.84915
-1.44118, -3.79662, 2.85064
-1.44142, -3.7987, 2.85214
-1.44166, -3.80079, 2.85364
-1.4419, -3.80287, 2.85514
-1.44214, -3.80495, 2.85664
-1.44238, -3.80704, 2.85814
-1.44262, -3.80912, 2.85964
-1.44286, -3.81121, 2.86114
-1.4431, -3.81329, 2.86263
-1.44334, -3.81538, 2.86413
-1.44358, -3.81746, 2.86563
-1.44382, -3.81955, 2.86713
-1.44406, -3.82164, 2.86863
-1.4443, -3.82372, 2.87013
-1.44454, -3.82581, 2.87163
-1.44478, -3.82789, 2.87313
-1.44502, -3.82998, 2.87463
-1.44526, -3.83207, 2.87613
-1.44551, -3.83415, 2.87763
-1.44575, -3.83624, 2.87913
-1.44599, -3.83832, 2.88063
-1.44623, -3.84041, 2.88213
-1.44647, -3.8425, 2.88362
-1.44671, -3.84458, 2.88512
-1.44695, -3.84667, 2.88662
-1.44719, -3.84876, 2.88812
-1.44743, -3.85085, 2.88962
-1.44767, -3.85293, 2.89112
-1.44791, -3.85502, 2.89262
-1.44816, -3.85711, 2.89412
-1.4484, -3.8592, 2.89562
-1.44864, -3.86128, 2.89712
-1.44888, -3.86337, 2.89862
-1.44912, -3.86546, 2.90012
-1.44936, -3.86755, 2.90162
-1.4496, -3.86964, 2.90312
-1.44985, -3.87173, 2.90462
-1.45009, -3.87381, 2.90612
-1.45033, -3.8759, 2.90762
-1.45057, -3.87799, 2.90912
-1.45081, -3.88008, 2.91062
-1.45105, -3.88217, 2.91212
-1.4513, -3.88426, 2.91362
-1.45154, -3.88635, 2.91513
-1.45178, -3.88844, 2.91663
-1.45202, -3.89053, 2.91813
-1.45226, -3.89262, 2.91963
-1.45251, -3.89471, 2.92113
-1.45275, -3.8968, 2.92263
-1.45299, -3.89889, 2.92413
-1.45323, -3.90098, 2.92563
-1.45347, -3.90307, 2.92713
-1.45372, -3.90516, 2.92863
-1.45396, -3.90725, 2.93013
-1.4542, -3.90934, 2.93163
-1.45444, -3.91143, 2.93313
-1.45469, -3.91352, 2.93463
-1.45493, -3.91561, 2.93613
-1.45517, -3.9177, 2.93763
-1.45541, -3.91979, 2.93914
-1.45566, -3.92188, 2.94064
-1.4559, -3.92397, 2.94214
-1.45614, -3.92606, 2.94364
-1.45638, -3.92816, 2.94514
-1.45663, -3.93025, 2.94664
-1.45687, -3.93234, 2.94814
-1.45711, -3.93443, 2.94964
-1.45735, -3.93652, 2.95114
-1.4576, -3.93862, 2.95265
-1.45784, -3.94071, 2.95415
-1.45808, -3.9428, 2.95565
-1.45832, -3.94489, 2.95715
-1.45857, -3.94698, 2.95865
-1.45881, -3.94908, 2.96015
-1.45905, -3.95117, 2.96165
-1.4593, -3.95326, 2.96315
-1.45954, -3.95536, 2.96466
-1.45978, -3.95745, 2.96616
-1.46002, -3.95954, 2.96766
-1.46027, -3.96164, 2.96916
-1.46051, -3.96373, 2.97066
-1.46075, -3.96582, 2.97216
-1.461, -3.96792, 2.97366
-1.46124, -3.97001, 2.97517
-1.46148, -3.9721, 2.97667
-1.46173, -3.9742, 2.97817
-1.46197, -3.97629, 2.97967
-1.46221, -3.97838, 2.98117
-1.46246, -3.98048, 2.98267
-1.4627, -3.98257, 2.98418
-1.46294, -3.98467, 2.98568
-1.46319, -3.98676, 2.98718
-1.46343, -3.98886, 2.98868
-1.46367, -3.99095, 2.99018
-1.46392, -3.99305, 2.99168
-1.46416, -3.99514, 2.99319
-1.4644, -3.99724, 2.99469
-1.46464, -3.99933, 2.99619
-1.46489, -4.00143, 2.99769
-1.46513, -4.00352, 2.99919
-1.46537, -4.00562, 3.00069
-1.46562, -4.00771, 3.0022
-1.46586, -4.00981, 3.0037
-1.4661, -4.0119, 3.0052
-1.46635, -4.014, 3.0067
-1.46659, -4.0161, 3.0082
-1.46683, -4.01819, 3.00971
-1.46708, -4.02029, 3.01121
-1.46732, -4.02238, 3.01271
-1.46756, -4.02448, 3.01421
-1.46781, -4.02658, 3.01571
-1.46805, -4.02867, 3.01722
-1.4683, -4.03077, 3.01872
-1.46854, -4.03287, 3.02022
-1.46878, -4.03496, 3.02172
-1.46903, -4.03706, 3.02322
-1.46927, -4.03916, 3.02473
-1.46951, -4.04125, 3.02623
-1.46976, -4.04335, 3.02773
-1.47, -4.04545, 3.02923
-1.47024, -4.04755, 3.03073
-1.47049, -4.04964, 3.03224
-1.47073, -4.05174, 3.03374
-1.47097, -4.05384, 3.03524
-1.47122, -4.05594, 3.03674
-1.47146, -4.05803, 3.03824
-1.4717, -4.06013, 3.03975
-1.47195, -4.06223, 3.04125
-1.47219, -4.06433, 3.04275
-1.47243, -4.06643, 3.04425
-1.47268, -4.06852, 3.04576
-1.47292, -4.07062, 3.04726
-1.47316, -4.07272, 3.04876
-1.47341, -4.07482, 3.05026
-1.47365, -4.07692, 3.05176
-1.47389, -4.07902, 3.05327
-1.47414, -4.08111, 3.05477
-1.47438, -4.08321, 3.05627
-1.47462, -4.08531, 3.05777
-1.47487, -4.08741, 3.05927
-1.47511, -4.08951, 3.06078
-1.47535, -4.09161, 3.06228
-1.4756, -4.09371, 3.06378
-1.47584, -4.09581, 3.06528
-1.47608, -4.09791, 3.06679
-1.47633, -4.10001, 3.06829
-1.47657, -4.10211, 3.06979
-1.47681, -4.10421, 3.07129
-1.47706, -4.10631, 3.07279
-1.4773, -4.10841, 3.0743
-1.47754, -4.1105, 3.0758
-1.47778, -4.1126, 3.0773
-1.47803, -4.1147, 3.0788
-1.47827, -4.1168, 3.08031
-1.47851, -4.1189, 3.08181
-1.47876, -4.12101, 3.08331
-1.479, -4.12311, 3.08481
-1.47924, -4.12521, 3.08631
-1.47949, -4.12731, 3.08782
-1.47973, -4.12941, 3.08932
-1.47997, -4.13151, 3.09082
-1.48021, -4.13361, 3.09232
-1.48046, -4.13571, 3.09383
-1.4807, -4.13781, 3.09533
-1.48094, -4.13991, 3.09683
-1.48119, -4.14201, 3.09833
-1.48143, -4.14411, 3.09983
-1.48167, -4.14621, 3.10134
-1.48191, -4.14831, 3.10284
-1.48216, -4.15042, 3.10434
-1.4824, -4.15252, 3.10584
-1.48264, -4.15462, 3.10734
-1.48289, -4.15672, 3.10885
-1.48313, -4.15882, 3.11035
-1.48337, -4.16092, 3.11185
-1.48361, -4.16302, 3.11335
-1.48386, -4.16512, 3.11485
-1.4841, -4.16723, 3.11636
-1.48434, -4.16933, 3.11786
-1.48458, -4.17143, 3.11936
-1.48483, -4.17353, 3.12086
-1.48507, -4.17563, 3.12237
-1.48531, -4.17774, 3.12387
-1.48555, -4.17984, 3.12537
-1.4858, -4.18194, 3.12687
-1.48604, -4.18404, 3.12837
-1.48628, -4.18614, 3.12988
-1.48652, -4.18825, 3.13138
-1.48676, -4.19035, 3.13288
-1.48701, -4.19245, 3.13438
-1.48725, -4.19455, 3.13588
-1.48749, -4.19666, 3.13738
-1.48773, -4.19876, 3.13889
-1.48798, -4.20086, 3.14039
-1.48822, -4.20296, 3.14189
-1.48846, -4.20507, 3.14339
-1.4887, -4.20717, 3.14489
-1.48894, -4.20927, 3.1464
-1.48919, -4.21137, 3.1479
-1.48943, -4.21348, 3.1494
-1.48967, -4.21558, 3.1509
-1.48991, -4.21768, 3.1524
-1.49015, -4.21979, 3.1539
-1.49039, -4.22189, 3.15541
-1.49064, -4.22399, 3.15691
-1.49088, -4.2261, 3.15841
-1.49112, -4.2282, 3.15991
-1.49136, -4.2303, 3.16141
-1.4916, -4.2324, 3.16291
-1.49184, -4.23451, 3.16442
-1.49209, -4.23661, 3.16592
-1.49233, -4.23871, 3.16742
-1.49257, -4.24082, 3.16892
-1.49281, -4.24292, 3.17042
-1.49305, -4.24503, 3.17192
-1.49329, -4.24713, 3.17343
-1.49353, -4.24923, 3.17493
-1.49377, -4.25134, 3.17643
-1.49402, -4.25344, 3.17793
-1.49426, -4.25554, 3.17943
-1.4945, -4.25765, 3.18093
-1.49474, -4.25975, 3.18243
-1.49498, -4.26185, 3.18394
-1.49522, -4.26396, 3.18544
-1.49546, -4.26606, 3.18694
-1.4957, -4.26817, 3.18844
-1.49594, -4.27027, 3.18994
-1.49618, -4.27237, 3.19144
-1.49642, -4.27448, 3.19294
-1.49666, -4.27658, 3.19444
-1.49691, -4.27869, 3.19595
-1.49715, -4.28079, 3.19745
-1.49739, -4.28289, 3.19895
-1.49763, -4.285, 3.20045
-1.49787, -4.2871, 3.20195
-1.49811, -4.28921, 3.20345
-1.49835, -4.29131, 3.20495
-1.49859, -4.29341, 3.20645
-1.49883, -4.29552, 3.20795
-1.49907, -4.29762, 3.20946
-1.49931, -4.29973, 3.21096
-1.49955, -4.30183, 3.21246
-1.49979, -4.30394, 3.21396
-1.50003, -4.30604, 3.21546
-1.50027, -4.30814, 3.21696
-1.50051, -4.31025, 3.21846
-1.50075, -4.31235, 3.21996
-1.50099, -4.31446, 3.22146
-1.50123, -4.31656, 3.22296
-1.50147, -4.31867, 3.22446
-1.50171, -4.32077, 3.22596
-1.50195, -4.32288, 3.22746
-1.50219, -4.32498, 3.22897
-1.50243, -4.32708, 3.23047
-1.50267, -4.32919, 3.23197
-1.50291, -4.33129, 3.23347
-1.50315, -4.3334, 3.23497
-1.50338, -4.3355, 3.23647
-1.50362, -4.33761, 3.23797
-1.50386, -4.33971, 3.23947
-1.5041, -4.34182, 3.24097
-1.50434, -4.34392, 3.24247
-1.50458, -4.34603, 3.24397
-1.50482, -4.34813, 3.24547
-1.50506, -4.35023, 3.24697
-1.5053, -4.35234, 3.24847
-1.50554, -4.35444, 3.24997
-1.50578, -4.35655, 3.25147
-1.50601, -4.35865, 3.25297
-1.50625, -4.36076, 3.25447
-1.50649, -4.36286, 3.25597
-1.50673, -4.36497, 3.25747
-1.50697, -4.36707, 3.25897
-1.50721, -4.36918, 3.26047
-1.50745, -4.37128, 3.26197
-1.50768, -4.37339, 3.26347
-1.50792, -4.37549, 3.26497
-1.50816, -4.37759, 3.26647
-1.5084, -4.3797, 3.26797
-1.50864, -4.3818, 3.26947
-1.50888, -4.38391, 3.27097
-1.50911, -4.38601, 3.27247
-1.50935, -4.38812, 3.27397
-1.50959, -4.39022, 3.27547
-1.50983, -4.39233, 3.27697
-1.51007, -4.39443, 3.27847
-1.5103, -4.39654, 3.27997
-1.51054, -4.39864, 3.28147
-1.51078, -4.40075, 3.28297
-1.51102, -4.40285, 3.28447
-1.51125, -4.40495, 3.28597
-1.51149, -4.40706, 3.28747
-1.51173, -4.40916, 3.28897
-1.51197, -4.41127, 3.29047
-1.5122, -4.41337, 3.29197
-1.51244, -4.41548, 3.29346
-1.51268, -4.41758, 3.29496
-1.51292, -4.41969, 3.29646
-1.51315, -4.42179, 3.29796
-1.51339, -4.42389, 3.29946
-1.51363, -4.426, 3.30096
-1.51387, -4.4281, 3.30246
-1.5141, -4.43021, 3.30396
-1.51434, -4.43231, 3.30546
-1.51458, -4.43442, 3.30696
-1.51481, -4.43652, 3.30846
-1.51505, -4.43863, 3.30996
-1.51529, -4.44073, 3.31145
-1.51552, -4.44283, 3.31295
-1.51576, -4.44494, 3.31445
-1.516, -4.44704, 3.31595
-1.51623, -4.44915, 3.31745
-1.51647, -4.45125, 3.31895
-1.51671, -4.45335, 3.32045
-1.51694, -4.45546, 3.32195
-1.51718, -4.45756, 3.32344
-1.51742, -4.45967, 3.32494
-1.51765, -4.46177, 3.32644
-1.51789, -4.46388, 3.32794
-1.51813, -4.46598, 3.32944
-1.51836, -4.46808, 3.33094
-1.5186, -4.47019, 3.33244
-1.51883, -4.47229, 3.33393
-1.51907, -4.47439, 3.33543
-1.51931, -4.4765, 3.33693
-1.51954, -4.4786, 3.33843
-1.51978, -4.48071, 3.33993
-1.52001, -4.48281, 3.34143
-1.52025, -4.48491, 3.34292
-1.52048, -4.48702, 3.34442
-1.52072, -4.48912, 3.34592
-1.52096, -4.49123, 3.34742
-1.52119, -4.49333, 3.34892
-1.52143, -4.49543, 3.35042
-1.52166, -4.49754, 3.35191
-1.5219, -4.49964, 3.35341
-1.52213, -4.50174, 3.35491
-1.52237, -4.50385, 3.35641
-1.5226, -4.50595, 3.35791
-1.52284, -4.50805, 3.3594
-1.52307, -4.51016, 3.3609
-1.52331, -4.51226, 3.3624
-1.52355, -4.51436, 3.3639
-1.52378, -4.51647, 3.36539
-1.52402, -4.51857, 3.36689
-1.52425, -4.52067, 3.36839
-1.52449, -4.52278, 3.36989
-1.52472, -4.52488, 3.37139
-1.52496, -4.52698, 3.37288
-1.52519, -4.52909, 3.37438
-1.52542, -4.53119, 3.37588
-1.52566, -4.53329, 3.37738
-1.52589, -4.53539, 3.37887
-1.52613, -4.5375, 3.38037
-1.52636, -4.5396, 3.38187
-1.5266, -4.5417, 3.38337
-1.52683, -4.54381, 3.38486
-1.52707, -4.54591, 3.38636
-1.5273, -4.54801, 3.38786
-1.52754, -4.55011, 3.38936
-1.52777, -4.55222, 3.39085
-1.52801, -4.55432, 3.39235
-1.52824, -4.55642, 3.39385
-1.52847, -4.55852, 3.39534
-1.52871, -4.56063, 3.39684
-1.52894, -4.56273, 3.39834
-1.52918, -4.56483, 3.39984
-1.52941, -4.56693, 3.40133
-1.52965, -4.56903, 3.40283
-1.52988, -4.57114, 3.40433
-1.53011, -4.57324, 3.40582
-1.53035, -4.57534, 3.40732
-1.53058, -4.57744, 3.40882
-1.53082, -4.57955, 3.41032
-1.53105, -4.58165, 3.41181
-1.53128, -4.58375, 3.41331
-1.53152, -4.58585, 3.41481
-1.53175, -4.58795, 3.4163
-1.53198, -4.59005, 3.4178
-1.53222, -4.59216, 3.4193
-1.53245, -4.59426, 3.42079
-1.53269, -4.59636, 3.42229
-1.53292, -4.59846, 3.42379
-1.53315, -4.60056, 3.42528
-1.53339, -4.60266, 3.42678
-1.53362, -4.60477, 3.42828
-1.53385, -4.60687, 3.42977
-1.53409, -4.60897, 3.43127
-1.53432, -4.61107, 3.43277
-1.53455, -4.61317, 3.43426
-1.53479, -4.61527, 3.43576
-1.53502, -4.61737, 3.43726
-1.53526, -4.61947, 3.43875
-1.53549, -4.62158, 3.44025
-1.53572, -4.62368, 3.44175
-1.53596, -4.62578, 3.44324
-1.53619, -4.62788, 3.44474
-1.53642, -4.62998, 3.44624
-1.53666, -4.63208, 3.44773
-1.53689, -4.63418, 3.44923
-1.53712, -4.63628, 3.45072
-1.53735, -4.63838, 3.45222
-1.53759, -4.64048, 3.45372
-1.53782, -4.64258, 3.45521
-1.53805, -4.64468, 3.45671
-1.53829, -4.64678, 3.45821
-1.53852, -4.64888, 3.4597
-1.53875, -4.65099, 3.4612
-1.53899, -4.65309, 3.4627
-1.53922, -4.65519, 3.46419
-1.53945, -4.65729, 3.46569
-1.53969, -4.65939, 3.46718
-1.53992, -4.66149, 3.46868
-1.54015, -4.66359, 3.47018
-1.54039, -4.66569, 3.47167
-1.54062, -4.66779, 3.47317
-1.54085, -4.66989, 3.47466
-1.54108, -4.67199, 3.47616
-1.54132, -4.67409, 3.47766
-1.54155, -4.67619, 3.47915
-1.54178, -4.67829, 3.48065
-1.54202, -4.68039, 3.48214
-1.54225, -4.68248, 3.48364
-1.54248, -4.68458, 3.48514
-1.54271, -4.68668, 3.48663
-1.54295, -4.68878, 3.48813
-1.54318, -4.69088, 3.48962
-1.54341, -4.69298, 3.49112
-1.54365, -4.69508, 3.49262
-1.54388, -4.69718, 3.49411
-1.54411, -4.69928, 3.49561
-1.54434, -4.70138, 3.4971
-1.54458, -4.70348, 3.4986
-1.54481, -4.70558, 3.5001
-1.54504, -4.70768, 3.50159
-1.54528, -4.70978, 3.50309
-1.54551, -4.71187, 3.50458
-1.54574, -4.71397, 3.50608
-1.54597, -4.71607, 3.50758
-1.54621, -4.71817, 3.50907
-1.54644, -4.72027, 3.51057
-1.54667, -4.72237, 3.51206
-1.5469, -4.72447, 3.51356
-1.54714, -4.72657, 3.51506
-1.54737, -4.72866, 3.51655
-1.5476, -4.73076, 3.51805
-1.54784, -4.73286, 3.51954
-1.54807, -4.73496, 3.52104
-1.5483, -4.73706, 3.52253
-1.54853, -4.73916, 3.52403
-1.54877, -4.74125, 3.52553
-1.549, -4.74335, 3.52702
-1.54923, -4.74545, 3.52852
-1.54947, -4.74755, 3.53001
-1.5497, -4.74965, 3.53151
-1.54993, -4.75175, 3.53301
-1.55016, -4.75384, 3.5345
-1.5504, -4.75594, 3.536
-1.55063, -4.75804, 3.53749
-1.55086, -4.76014, 3.53899
-1.5511, -4.76224, 3.54048
-1.55133, -4.76433, 3.54198
-1.55156, -4.76643, 3.54348
-1.55179, -4.76853, 3.54497
-1.55203, -4.77063, 3.54647
-1.55226, -4.77272, 3.54796
-1.55249, -4.77482, 3.54946
-1.55273, -4.77692, 3.55095
-1.55296, -4.77902, 3.55245
-1.55319, -4.78111, 3.55395
-1.55342, -4.78321, 3.55544
-1.55366, -4.78531, 3.55694
-1.55389, -4.78741, 3.55843
-1.55412, -4.7895, 3.55993
-1.55436, -4.7916, 3.56143
-1.55459, -4.7937, 3.56292
-1.55482, -4.7958, 3.56442
-1.55505, -4.79789, 3.56591
-1.55529, -4.79999, 3.56741
-1.55552, -4.80209, 3.5689
-1.55575, -4.80419, 3.5704
-1.55599, -4.80628, 3.5719
-1.55622, -4.80838, 3.57339
-1.55645, -4.81048, 3.57489
-1.55669, -4.81257, 3.57638
-1.55692, -4.81467, 3.57788
-1.55715, -4.81677, 3.57938
-1.55739, -4.81886, 3.58087
-1.55762, -4.82096, 3.58237
-1.55785, -4.82306, 3.58386
-1.55808, -4.82515, 3.58536
-1.55832, -4.82725, 3.58686
-1.55855, -4.82935, 3.58835
-1.55878, -4.83144, 3.58985
-1.55902, -4.83354, 3.59134
-1.55925, -4.83564, 3.59284
-1.55948, -4.83773, 3.59434
-1.55972, -4.83983, 3.59583
-1.55995, -4.84193, 3.59733
-1.56018, -4.84402, 3.59882
-1.56042, -4.84612, 3.60032
-1.56065, -4.84822, 3.60182
-1.56089, -4.85031, 3.60331
-1.56112, -4.85241, 3.60481
-1.56135, -4.85451, 3.6063
-1.56159, -4.8566, 3.6078
-1.56182, -4.8587, 3.6093
-1.56205, -4.8608, 3.61079
-1.56229, -4.86289, 3.61229
-1.56252, -4.86499, 3.61378
-1.56275, -4.86708, 3.61528
-1.56299, -4.86918, 3.61678
-1.56322, -4.87128, 3.61827
-1.56345, -4.87337, 3.61977
-1.56369, -4.87547, 3.62126
-1.56392, -4.87756, 3.62276
-1.56416, -4.87966, 3.62426
-1.56439, -4.88176, 3.62575
-1.56462, -4.88385, 3.62725
-1.56486, -4.88595, 3.62875
-1.56509, -4.88804, 3.63024
-1.56533, -4.89014, 3.63174
-1.56556, -4.89224, 3.63323
-1.56579, -4.89433, 3.63473
-1.56603, -4.89643, 3.63623
-1.56626, -4.89852, 3.63772
-1.5665, -4.90062, 3.63922
-1.56673, -4.90272, 3.64072
-1.56696, -4.90481, 3.64221
-1.5672, -4.90691, 3.64371
-1.56743, -4.909, 3.64521
-1.56767, -4.9111, 3.6467
-1.5679, -4.91319, 3.6482
-1.56814, -4.91529, 3.64969
-1.56837, -4.91739, 3.65119
-1.5686, -4.91948, 3.65269
-1.56884, -4.92158, 3.65418
-1.56907, -4.92367, 3.65568
-1.56931, -4.92577, 3.65718
-1.56954, -4.92786, 3.65867
-1.56978, -4.92996, 3.66017
-1.57001, -4.93206, 3.66167
-1.57025, -4.93415, 3.66316
-1.57048, -4.93625, 3.66466
-1.57072, -4.93834, 3.66616
-1.57095, -4.94044, 3.66765
-1.57118, -4.94253, 3.66915
-1.57142, -4.94463, 3.67065
-1.57165, -4.94672, 3.67214
-1.57189, -4.94882, 3.67364
-1.57212, -4.95092, 3.67514
-1.57236, -4.95301, 3.67663
-1.57259, -4.95511, 3.67813
-1.57283, -4.9572, 3.67963
-1.57306, -4.9593, 3.68113
-1.5733, -4.96139, 3.68262
-1.57353, -4.96349, 3.68412
-1.57377, -4.96558, 3.68562
-1.574, -4.96768, 3.68711
-1.57424, -4.96977, 3.68861
-1.57448, -4.97187, 3.69011
-1.57471, -4.97397, 3.6916
-1.57495, -4.97606, 3.6931
-1.57518, -4.97816, 3.6946
-1.57542, -4.98025, 3.6961
-1.57565, -4.98235, 3.69759
-1.57589, -4.98444, 3.69909
-1.57612, -4.98654, 3.70059
-1.57636, -4.98863, 3.70208
-1.57659, -4.99073, 3.70358
-1.57683, -4.99282, 3.70508
-1.57707, -4.99492, 3.70658
-1.5773, -4.99701, 3.70807
-1.57754, -4.99911, 3.70957
-1.57777, -5.00121, 3.71107
-1.57801, -5.0033, 3.71257
-1.57825, -5.0054, 3.71406
-1.57848, -5.00749, 3.71556
-1.57872, -5.00959, 3.71706
-1.57895, -5.01168, 3.71856
-1.57919, -5.01378, 3.72005
-1.57943, -5.01587, 3.72155
-1.57966, -5.01797, 3.72305
-1.5799, -5.02006, 3.72455
-1.58013, -5.02216, 3.72604
-1.58037, -5.02425, 3.72754
-1.58061, -5.02635, 3.72904
-1.58084, -5.02845, 3.73054
-1.58108, -5.03054, 3.73204
-1.58132, -5.03264, 3.73353
-1.58155, -5.03473, 3.73503
-1.58179, -5.03683, 3.73653
-1.58203, -5.03892, 3.73803
-1.58226, -5.04102, 3.73952
-1.5825, -5.04311, 3.74102
-1.58274, -5.04521, 3.74252
-1.58297, -5.0473, 3.74402
-1.58321, -5.0494, 3.74552
-1.58345, -5.05149, 3.74701
-1.58368, -5.05359, 3.74851
-1.58392, -5.05569, 3.75001
-1.58416, -5.05778, 3.75151
-1.58439, -5.05988, 3.75301
-1.58463, -5.06197, 3.7545
-1.58487, -5.06407, 3.756
-1.5851, -5.06616, 3.7575
-1.58534, -5.06826, 3.759
-1.58558, -5.07035, 3.7605
-1.58582, -5.07245, 3.762
-1.58605, -5.07455, 3.76349
-1.58629, -5.07664, 3.76499
-1.58653, -5.07874, 3.76649
-1.58677, -5.08083, 3.76799
-1.587, -5.08293, 3.76949
-1.58724, -5.08502, 3.77099
-1.58748, -5.08712, 3.77248
-1.58772, -5.08921, 3.77398
-1.58795, -5.09131, 3.77548
-1.58819, -5.09341, 3.77698
-1.58843, -5.0955, 3.77848
-1.58867, -5.0976, 3.77998
-1.5889, -5.09969, 3.78148
-1.58914, -5.10179, 3.78298
-1.58938, -5.10388, 3.78447
-1.58962, -5.10598, 3.78597
-1.58986, -5.10808, 3.78747
-1.59009, -5.11017, 3.78897
-1.59033, -5.11227, 3.79047
-1.59057, -5.11436, 3.79197
-1.59081, -5.11646, 3.79347
-1.59105, -5.11856, 3.79497
-1.59129, -5.12065, 3.79647
-1.59152, -5.12275, 3.79796
-1.59176, -5.12484, 3.79946
-1.592, -5.12694, 3.80096
-1.59224, -5.12904, 3.80246
-1.59248, -5.13113, 3.80396
-1.59272, -5.13323, 3.80546
-1.59295, -5.13532, 3.80696
-1.59319, -5.13742, 3.80846
-1.59343, -5.13952, 3.80996
-1.59367, -5.14161, 3.81146
-1.59391, -5.14371, 3.81296
-1.59415, -5.1458, 3.81446
-1.59439, -5.1479, 3.81595
-1.59463, -5.15, 3.81745
-1.59486, -5.15209, 3.81895
-1.5951, -5.15419, 3.82045
-1.59534, -5.15629, 3.82195
-1.59558, -5.15838, 3.82345
-1.59582, -5.16048, 3.82495
-1.59606, -5.16257, 3.82645
-1.5963, -5.16467, 3.82795
-1.59654, -5.16677, 3.82945
-1.59678, -5.16886, 3.83095
-1.59702, -5.17096, 3.83245
-1.59726, -5.17306, 3.83395
-1.5975, -5.17515, 3.83545
-1.59774, -5.17725, 3.83695
-1.59797, -5.17935, 3.83845
-1.59821, -5.18144, 3.83995
-1.59845, -5.18354, 3.84145
-1.59869, -5.18564, 3.84295
-1.59893, -5.18773, 3.84445
-1.59917, -5.18983, 3.84595
-1.59941, -5.19193, 3.84745
-1.59965, -5.19402, 3.84895
-1.59989, -5.19612, 3.85045
-1.60013, -5.19822, 3.85195
-1.60037, -5.20031, 3.85345
-1.60061, -5.20241, 3.85495
-1.60085, -5.20451, 3.85645
-1.60109, -5.2066, 3.85795
-1.60133, -5.2087, 3.85945
-1.60157, -5.2108, 3.86095
-1.60181, -5.21289, 3.86245
-1.60205, -5.21499, 3.86395
-1.60229, -5.21709, 3.86545
-1.60253, -5.21919, 3.86695
-1.60277, -5.22128, 3.86845
-1.60301, -5.22338, 3.86995
-1.60326, -5.22548, 3.87145
-1.6035, -5.22757, 3.87295
-1.60374, -5.22967, 3.87445
-1.60398, -5.23177, 3.87596
-1.60422, -5.23387, 3.87746
-1.60446, -5.23596, 3.87896
-1.6047, -5.23806, 3.88046
-1.60494, -5.24016, 3.88196
-1.60518, -5.24226, 3.88346
-1.60542, -5.24435, 3.88496
-1.60566, -5.24645, 3.88646
-1.6059, -5.24855, 3.88796
-1.60614, -5.25065, 3.88946
-1.60639, -5.25274, 3.89096
-1.60663, -5.25484, 3.89246
-1.60687, -5.25694, 3.89396
-1.60711, -5.25904, 3.89547
-1.60735, -5.26113, 3.89697
-1.60759, -5.26323, 3.89847
-1.60783, -5.26533, 3.89997
-1.60807, -5.26743, 3.90147
-1.60831, -5.26953, 3.90297
-1.60856, -5.27162, 3.90447
-1.6088, -5.27372, 3.90597
-1.60904, -5.27582, 3.90747
-1.60928, -5.27792, 3.90898
-1.60952, -5.28002, 3.91048
-1.60976, -5.28211, 3.91198
-1.61001, -5.28421, 3.91348
-1.61025, -5.28631, 3.91498
-1.61049, -5.28841, 3.91648
-1.61073, -5.29051, 3.91798
-1.61097, -5.29261, 3.91949
-1.61121, -5.2947, 3.92099
-1.61146, -5.2968, 3.92249
-1.6117, -5.2989, 3.92399
-1.61194, -5.301, 3.92549
-1.61218, -5.3031, 3.92699
-1.61242, -5.3052, 3.9285
-1.61267, -5.3073, 3.93
-1.61291, -5.30939, 3.9315
-1.61315, -5.31149, 3.933
-1.61339, -5.31359, 3.9345
-1.61363, -5.31569, 3.936
-1.61388, -5.31779, 3.93751
-1.61412, -5.31989, 3.93901
-1.61436, -5.32199, 3.94051
-1.6146, -5.32409, 3.94201
-1.61485, -5.32618, 3.94351
-1.61509, -5.32828, 3.94502
-1.61533, -5.33038, 3.94652
-1.61557, -5.33248, 3.94802
-1.61582, -5.33458, 3.94952
-1.61606, -5.33668, 3.95102
-1.6163, -5.33878, 3.95253
-1.61654, -5.34088, 3.95403
-1.61679, -5.34298, 3.95553
-1.61703, -5.34508, 3.95703
-1.61727, -5.34718, 3.95853
-1.61751, -5.34928, 3.96004
-1.61776, -5.35138, 3.96154
-1.618, -5.35347, 3.96304
-1.61824, -5.35557, 3.96454
-1.61849, -5.35767, 3.96605
-1.61873, -5.35977, 3.96755
-1.61897, -5.36187, 3.96905
-1.61921, -5.36397, 3.97055
-1.61946, -5.36607, 3.97205
-1.6197, -5.36817, 3.97356
-1.61994, -5.37027, 3.97506
-1.62019, -5.37237, 3.97656
-1.62043, -5.37447, 3.97806
-1.62067, -5.37657, 3.97957
-1.62092, -5.37867, 3.98107
-1.62116, -5.38077, 3.98257
-1.6214, -5.38287, 3.98408
-1.62165, -5.38497, 3.98558
-1.62189, -5.38707, 3.98708
-1.62213, -5.38917, 3.98858
-1.62238, -5.39127, 3.99009
-1.62262, -5.39337, 3.99159
-1.62286, -5.39547, 3.99309
-1.62311, -5.39757, 3.99459
-1.62335, -5.39967, 3.9961
-1.62359, -5.40178, 3.9976
-1.62384, -5.40388, 3.9991
-1.62408, -5.40598, 4.00061
-1.62433, -5.40808, 4.00211
-1.62457, -5.41018, 4.00361
-1.62481, -5.41228, 4.00511
-1.62506, -5.41438, 4.00662
-1.6253, -5.41648, 4.00812
-1.62554, -5.41858, 4.00962
-1.62579, -5.42068, 4.01113
-1.62603, -5.42278, 4.01263
-1.62628, -5.42488, 4.01413
-1.62652, -5.42698, 4.01564
-1.62676, -5.42909, 4.01714
-1.62701, -5.43119, 4.01864
-1.62725, -5.43329, 4.02015
-1.6275, -5.43539, 4.02165
-1.62774, -5.43749, 4.02315
-1.62798, -5.43959, 4.02466
-1.62823, -5.44169, 4.02616
-1.62847, -5.44379, 4.02766
-1.62872, -5.4459, 4.02917
-1.62896, -5.448, 4.03067
-1.62921, -5.4501, 4.03217
-1.62945, -5.4522, 4.03368
-1.62969, -5.4543, 4.03518
-1.62994, -5.4564, 4.03668
-1.63018, -5.45851, 4.03819
-1.63043, -5.46061, 4.03969
-1.63067, -5.46271, 4.04119
-1.63092, -5.46481, 4.0427
-1.63116, -5.46691, 4.0442
-1.63141, -5.46901, 4.0457
-1.63165, -5.47112, 4.04721
-1.63189, -5.47322, 4.04871
-1.63214, -5.47532, 4.05021
-1.63238, -5.47742, 4.05172
-1.63263, -5.47953, 4.05322
-1.63287, -5.48163, 4.05472
-1.63312, -5.48373, 4.05623
-1.63336, -5.48583, 4.05773
-1.63361, -5.48793, 4.05924
-1.63385, -5.49004, 4.06074
-1.6341, -5.49214, 4.06224
-1.63434, -5.49424, 4.06375
-1.63459, -5.49634, 4.06525
-1.63483, -5.49845, 4.06676
-1.63508, -5.50055, 4.06826
-1.63532, -5.50265, 4.06976
-1.63557, -5.50475, 4.07127
-1.63581, -5.50686, 4.07277
-1.63606, -5.50896, 4.07427
-1.6363, -5.51106, 4.07578
-1.63655, -5.51317, 4.07728
-1.63679, -5.51527, 4.07879
-1.63704, -5.51737, 4.08029
-1.63728, -5.51948, 4.08179
-1.63753, -5.52158, 4.0833
-1.63777, -5.52368, 4.0848
-1.63802, -5.52578, 4.08631
-1.63826, -5.52789, 4.08781
-1.63851, -5.52999, 4.08931
-1.63875, -5.53209, 4.09082
-1.639, -5.5342, 4.09232
-1.63924, -5.5363, 4.09383
-1.63949, -5.5384, 4.09533
-1.63973, -5.54051, 4.09684
-1.63998, -5.54261, 4.09834
-1.64022, -5.54472, 4.09984
-1.64047, -5.54682, 4.10135
-1.64071, -5.54892, 4.10285
-1.64096, -5.55103, 4.10436
-1.6412, -5.55313, 4.10586
-1.64145, -5.55523, 4.10737
-1.64169, -5.55734, 4.10887
-1.64194, -5.55944, 4.11037
-1.64219, -5.56155, 4.11188
-1.64243, -5.56365, 4.11338
-1.64268, -5.56575, 4.11489
-1.64292, -5.56786, 4.11639
-1.64317, -5.56996, 4.1179
-1.64341, -5.57207, 4.1194
-1.64366, -5.57417, 4.1209
-1.6439, -5.57627, 4.12241
-1.64415, -5.57838, 4.12391
-1.64439, -5.58048, 4.12542
-1.64464, -5.58259, 4.12692
-1.64489, -5.58469, 4.12843
-1.64513, -5.5868, 4.12993
-1.64538, -5.5889, 4.13144
-1.64562, -5.591, 4.13294
-1.64587, -5.59311, 4.13444
-1.64611, -5.59521, 4.13595
-1.64636, -5.59732, 4.13745
-1.6466, -5.59942, 4.13896
-1.64685, -5.60153, 4.14046
-1.6471, -5.60363, 4.14197
-1.64734, -5.60574, 4.14347
-1.64759, -5.60784, 4.14498
-1.64783, -5.60995, 4.14648
-1.64808, -5.61205, 4.14799
-1.64832, -5.61416, 4.14949
-1.64857, -5.61626, 4.15099
-1.64882, -5.61837, 4.1525
-1.64906, -5.62047, 4.154
-1.64931, -5.62258, 4.15551
-1.64955, -5.62468, 4.15701
-1.6498, -5.62679, 4.15852
-1.65004, -5.62889, 4.16002
-1.65029, -5.631, 4.16153
-1.65054, -5.6331, 4.16303
-1.65078, -5.63521, 4.16454
-1.65103, -5.63732, 4.16604
-1.65127, -5.63942, 4.16755
-1.65152, -5.64153, 4.16905
-1.65177, -5.64363, 4.17056
-1.65201, -5.64574, 4.17206
-1.65226, -5.64784, 4.17357
-1.6525, -5.64995, 4.17507
-1.65275, -5.65205, 4.17658
-1.65299, -5.65416, 4.17808
-1.65324, -5.65627, 4.17958
-1.65349, -5.65837, 4.18109
-1.65373, -5.66048, 4.18259
-1.65398, -5.66258, 4.1841
-1.65422, -5.66469, 4.1856
-1.65447, -5.6668, 4.18711
-1.65472, -5.6689, 4.18861
-1.65496, -5.67101, 4.19012
-1.65521, -5.67311, 4.19162
-1.65545, -5.67522, 4.19313
-1.6557, -5.67733, 4.19463
-1.65595, -5.67943, 4.19614
-1.65619, -5.68154, 4.19764
-1.65644, -5.68365, 4.19915
-1.65668, -5.68575, 4.20065
-1.65693, -5.68786, 4.20216
-1.65718, -5.68996, 4.20366
-1.65742, -5.69207, 4.20517
-1.65767, -5.69418, 4.20667
-1.65791, -5.69628, 4.20818
-1.65816, -5.69839, 4.20968
-1.65841, -5.7005, 4.21119
-1.65865, -5.7026, 4.21269
-1.6589, -5.70471, 4.2142
-1.65914, -5.70682, 4.2157
-1.65939, -5.70892, 4.21721
